[14.08.2026 15:17:27] INFO [django.utils.autoreload:681] Watching for file changes with StatReloader
[14.08.2026 15:18:09] INFO [django.utils.autoreload:265] /app/appoinments/views.py changed, reloading.
[14.08.2026 15:18:10] INFO [django.utils.autoreload:681] Watching for file changes with StatReloader
[14.08.2026 15:18:14] INFO [django.utils.autoreload:265] /app/appoinments/views.py changed, reloading.
[14.08.2026 15:18:14] INFO [django.utils.autoreload:681] Watching for file changes with StatReloader
[14.08.2026 15:18:33] INFO [django.utils.autoreload:265] /app/appoinments/views.py changed, reloading.
[14.08.2026 15:18:34] INFO [django.utils.autoreload:681] Watching for file changes with StatReloader
[14.08.2026 15:18:36] INFO [django.utils.autoreload:265] /app/appoinments/views.py changed, reloading.
[14.08.2026 15:18:37] INFO [django.utils.autoreload:681] Watching for file changes with StatReloader
[14.08.2026 15:18:42] INFO [django.utils.autoreload:265] /app/appoinments/views.py changed, reloading.
[14.08.2026 15:18:43] INFO [django.utils.autoreload:681] Watching for file changes with StatReloader
[14.08.2026 15:18:46] INFO [django.utils.autoreload:265] /app/appoinments/views.py changed, reloading.
[14.08.2026 15:18:47] INFO [django.utils.autoreload:681] Watching for file changes with StatReloader
[14.08.2026 15:18:50] INFO [django.utils.autoreload:265] /app/appoinments/views.py changed, reloading.
[14.08.2026 15:18:51] INFO [django.utils.autoreload:681] Watching for file changes with StatReloader
[14.08.2026 15:18:53] INFO [django.utils.autoreload:265] /app/appoinments/views.py changed, reloading.
[14.08.2026 15:18:54] INFO [django.utils.autoreload:681] Watching for file changes with StatReloader
[14.08.2026 15:18:57] INFO [django.utils.autoreload:265] /app/appoinments/views.py changed, reloading.
[14.08.2026 15:18:58] INFO [django.utils.autoreload:681] Watching for file changes with StatReloader
[14.08.2026 15:21:26] INFO [django.utils.autoreload:265] /app/appoinments/views.py changed, reloading.
[14.08.2026 15:21:27] INFO [django.utils.autoreload:681] Watching for file changes with StatReloader
[14.08.2026 15:21:34] INFO [django.utils.autoreload:265] /app/appoinments/views.py changed, reloading.
[14.08.2026 15:21:35] INFO [django.utils.autoreload:681] Watching for file changes with StatReloader
[14.08.2026 15:21:44] INFO [django.utils.autoreload:265] /app/appoinments/views.py changed, reloading.
[14.08.2026 15:21:45] INFO [django.utils.autoreload:681] Watching for file changes with StatReloader
[14.08.2026 15:22:12] INFO [django.utils.autoreload:265] /app/appoinments/views.py changed, reloading.
[14.08.2026 15:22:12] INFO [django.utils.autoreload:681] Watching for file changes with StatReloader
[14.08.2026 15:22:14] INFO [django.utils.autoreload:265] /app/appoinments/views.py changed, reloading.
[14.08.2026 15:22:15] INFO [django.utils.autoreload:681] Watching for file changes with StatReloader
[14.08.2026 15:22:33] INFO [django.utils.autoreload:265] /app/appoinments/views.py changed, reloading.
[14.08.2026 15:22:34] INFO [django.utils.autoreload:681] Watching for file changes with StatReloader
[14.08.2026 15:22:45] INFO [django.utils.autoreload:265] /app/appoinments/views.py changed, reloading.
[14.08.2026 15:22:46] INFO [django.utils.autoreload:681] Watching for file changes with StatReloader
[14.08.2026 15:22:54] INFO [django.utils.autoreload:265] /app/appoinments/views.py changed, reloading.
[14.08.2026 15:22:55] INFO [django.utils.autoreload:681] Watching for file changes with StatReloader
[14.08.2026 15:22:57] INFO [django.utils.autoreload:265] /app/appoinments/views.py changed, reloading.
[14.08.2026 15:22:58] INFO [django.utils.autoreload:681] Watching for file changes with StatReloader
[14.08.2026 15:23:08] INFO [django.utils.autoreload:265] /app/appoinments/views.py changed, reloading.
[14.08.2026 15:23:09] INFO [django.utils.autoreload:681] Watching for file changes with StatReloader
[14.08.2026 15:23:24] INFO [django.utils.autoreload:265] /app/appoinments/views.py changed, reloading.
[14.08.2026 15:23:25] INFO [django.utils.autoreload:681] Watching for file changes with StatReloader
[14.08.2026 15:23:28] INFO [django.utils.autoreload:265] /app/appoinments/views.py changed, reloading.
[14.08.2026 15:23:29] INFO [django.utils.autoreload:681] Watching for file changes with StatReloader
[14.08.2026 15:23:32] INFO [django.utils.autoreload:265] /app/appoinments/views.py changed, reloading.
[14.08.2026 15:23:33] INFO [django.utils.autoreload:681] Watching for file changes with StatReloader
[14.08.2026 15:23:41] INFO [django.utils.autoreload:265] /app/appoinments/views.py changed, reloading.
[14.08.2026 15:23:41] INFO [django.utils.autoreload:681] Watching for file changes with StatReloader
[14.08.2026 15:23:43] INFO [django.utils.autoreload:265] /app/appoinments/views.py changed, reloading.
[14.08.2026 15:23:44] INFO [django.utils.autoreload:681] Watching for file changes with StatReloader
[14.08.2026 15:23:50] INFO [django.utils.autoreload:265] /app/appoinments/views.py changed, reloading.
[14.08.2026 15:23:51] INFO [django.utils.autoreload:681] Watching for file changes with StatReloader
[14.08.2026 15:23:56] INFO [django.utils.autoreload:265] /app/appoinments/views.py changed, reloading.
[14.08.2026 15:23:57] INFO [django.utils.autoreload:681] Watching for file changes with StatReloader
[15.08.2026 11:06:52] INFO [django.utils.autoreload:681] Watching for file changes with StatReloader
[17.08.2026 14:03:12] INFO [django.utils.autoreload:681] Watching for file changes with StatReloader
[17.08.2026 14:17:09] INFO [django.utils.autoreload:265] /app/masters/views.py changed, reloading.
[17.08.2026 14:17:10] INFO [django.utils.autoreload:681] Watching for file changes with StatReloader
[17.08.2026 14:17:46] WARNING [django.request:249] Not Found: /apiservices/
[17.08.2026 14:20:21] WARNING [django.request:249] Unauthorized: /api/services/
[17.08.2026 14:28:21] INFO [django.utils.autoreload:681] Watching for file changes with StatReloader
[18.08.2026 13:24:16] INFO [django.utils.autoreload:681] Watching for file changes with StatReloader
[18.08.2026 13:25:56] ERROR [django.security.DisallowedHost:249] Invalid HTTP_HOST header: '127.0.0.1'. You may need to add '127.0.0.1' to ALLOWED_HOSTS.
Traceback (most recent call last):
  File "/usr/local/lib/python3.12/site-packages/django/core/handlers/exception.py", line 55, in inner
    response = get_response(request)
               ^^^^^^^^^^^^^^^^^^^^^
  File "/usr/local/lib/python3.12/site-packages/django/utils/deprecation.py", line 308, in __call__
    response = self.process_request(request)
               ^^^^^^^^^^^^^^^^^^^^^^^^^^^^^
  File "/usr/local/lib/python3.12/site-packages/django/middleware/common.py", line 48, in process_request
    host = request.get_host()
           ^^^^^^^^^^^^^^^^^^
  File "/usr/local/lib/python3.12/site-packages/django/http/request.py", line 206, in get_host
    raise DisallowedHost(msg)
django.core.exceptions.DisallowedHost: Invalid HTTP_HOST header: '127.0.0.1'. You may need to add '127.0.0.1' to ALLOWED_HOSTS.
[18.08.2026 13:25:56] WARNING [django.server:249] "GET / HTTP/1.0" 400 67741
[18.08.2026 13:25:56] ERROR [django.security.DisallowedHost:249] Invalid HTTP_HOST header: '127.0.0.1'. You may need to add '127.0.0.1' to ALLOWED_HOSTS.
Traceback (most recent call last):
  File "/usr/local/lib/python3.12/site-packages/django/core/handlers/exception.py", line 55, in inner
    response = get_response(request)
               ^^^^^^^^^^^^^^^^^^^^^
  File "/usr/local/lib/python3.12/site-packages/django/utils/deprecation.py", line 308, in __call__
    response = self.process_request(request)
               ^^^^^^^^^^^^^^^^^^^^^^^^^^^^^
  File "/usr/local/lib/python3.12/site-packages/django/middleware/common.py", line 48, in process_request
    host = request.get_host()
           ^^^^^^^^^^^^^^^^^^
  File "/usr/local/lib/python3.12/site-packages/django/http/request.py", line 206, in get_host
    raise DisallowedHost(msg)
django.core.exceptions.DisallowedHost: Invalid HTTP_HOST header: '127.0.0.1'. You may need to add '127.0.0.1' to ALLOWED_HOSTS.
[18.08.2026 13:25:56] WARNING [django.server:249] "GET /favicon.ico HTTP/1.0" 400 67567
[18.08.2026 13:27:49] INFO [django.utils.autoreload:265] /app/config/settings.py changed, reloading.
[18.08.2026 13:27:51] INFO [django.utils.autoreload:681] Watching for file changes with StatReloader
[18.08.2026 13:28:14] INFO [django.utils.autoreload:681] Watching for file changes with StatReloader
[18.08.2026 13:30:34] INFO [django.utils.autoreload:681] Watching for file changes with StatReloader
[18.08.2026 13:30:38] ERROR [django.request:249] Internal Server Error: /
Traceback (most recent call last):
  File "/usr/local/lib/python3.12/site-packages/django/contrib/sessions/backends/base.py", line 246, in _get_session
    return self._session_cache
           ^^^^^^^^^^^^^^^^^^^
AttributeError: 'SessionStore' object has no attribute '_session_cache'

During handling of the above exception, another exception occurred:

Traceback (most recent call last):
  File "/usr/local/lib/python3.12/site-packages/django/db/backends/utils.py", line 105, in _execute
    return self.cursor.execute(sql, params)
           ^^^^^^^^^^^^^^^^^^^^^^^^^^^^^^^^
  File "/usr/local/lib/python3.12/site-packages/psycopg/cursor.py", line 117, in execute
    raise ex.with_traceback(None)
psycopg.errors.UndefinedTable: relation "django_session" does not exist
LINE 1: ...ession_data", "django_session"."expire_date" FROM "django_se...
                                                             ^

The above exception was the direct cause of the following exception:

Traceback (most recent call last):
  File "/usr/local/lib/python3.12/site-packages/django/core/handlers/exception.py", line 55, in inner
    response = get_response(request)
               ^^^^^^^^^^^^^^^^^^^^^
  File "/usr/local/lib/python3.12/site-packages/django/core/handlers/base.py", line 198, in _get_response
    response = wrapped_callback(request, *callback_args, **callback_kwargs)
               ^^^^^^^^^^^^^^^^^^^^^^^^^^^^^^^^^^^^^^^^^^^^^^^^^^^^^^^^^^^^
  File "/usr/local/lib/python3.12/site-packages/django/utils/decorators.py", line 192, in _view_wrapper
    result = _process_exception(request, e)
             ^^^^^^^^^^^^^^^^^^^^^^^^^^^^^^
  File "/usr/local/lib/python3.12/site-packages/django/utils/decorators.py", line 190, in _view_wrapper
    response = view_func(request, *args, **kwargs)
               ^^^^^^^^^^^^^^^^^^^^^^^^^^^^^^^^^^^
  File "/app/core/views.py", line 12, in index
    return render(
          ^^^^^^^
  File "/usr/local/lib/python3.12/site-packages/django/shortcuts.py", line 25, in render
    content = loader.render_to_string(template_name, context, request, using=using)
              ^^^^^^^^^^^^^^^^^^^^^^^^^^^^^^^^^^^^^^^^^^^^^^^^^^^^^^^^^^^^^^^^^^^^^
  File "/usr/local/lib/python3.12/site-packages/django/template/loader.py", line 62, in render_to_string
    return template.render(context, request)
           ^^^^^^^^^^^^^^^^^^^^^^^^^^^^^^^^^
  File "/usr/local/lib/python3.12/site-packages/django/template/backends/django.py", line 107, in render
    return self.template.render(context)
           ^^^^^^^^^^^^^^^^^^^^^^^^^^^^^
  File "/usr/local/lib/python3.12/site-packages/django/template/base.py", line 174, in render
    return self._render(context)
           ^^^^^^^^^^^^^^^^^^^^^
  File "/usr/local/lib/python3.12/site-packages/django/template/base.py", line 166, in _render
    return self.nodelist.render(context)
           ^^^^^^^^^^^^^^^^^^^^^^^^^^^^^
  File "/usr/local/lib/python3.12/site-packages/django/template/base.py", line 1091, in render
    return SafeString("".join([node.render_annotated(context) for node in self]))
                               ^^^^^^^^^^^^^^^^^^^^^^^^^^^^^^
  File "/usr/local/lib/python3.12/site-packages/django/template/base.py", line 1052, in render_annotated
    return self.render(context)
           ^^^^^^^^^^^^^^^^^^^^
  File "/usr/local/lib/python3.12/site-packages/django/template/loader_tags.py", line 160, in render
    return compiled_parent._render(context)
           ^^^^^^^^^^^^^^^^^^^^^^^^^^^^^^^^
  File "/usr/local/lib/python3.12/site-packages/django/template/base.py", line 166, in _render
    return self.nodelist.render(context)
           ^^^^^^^^^^^^^^^^^^^^^^^^^^^^^
  File "/usr/local/lib/python3.12/site-packages/django/template/base.py", line 1091, in render
    return SafeString("".join([node.render_annotated(context) for node in self]))
                               ^^^^^^^^^^^^^^^^^^^^^^^^^^^^^^
  File "/usr/local/lib/python3.12/site-packages/django/template/base.py", line 1052, in render_annotated
    return self.render(context)
           ^^^^^^^^^^^^^^^^^^^^
  File "/usr/local/lib/python3.12/site-packages/django/template/defaulttags.py", line 326, in render
    match = condition.eval(context)
            ^^^^^^^^^^^^^^^^^^^^^^^
  File "/usr/local/lib/python3.12/site-packages/django/template/defaulttags.py", line 918, in eval
    return self.value.resolve(context, ignore_failures=True)
           ^^^^^^^^^^^^^^^^^^^^^^^^^^^^^^^^^^^^^^^^^^^^^^^^^
  File "/usr/local/lib/python3.12/site-packages/django/template/base.py", line 788, in resolve
    obj = self.var.resolve(context)
          ^^^^^^^^^^^^^^^^^^^^^^^^^
  File "/usr/local/lib/python3.12/site-packages/django/template/base.py", line 928, in resolve
    value = self._resolve_lookup(context)
            ^^^^^^^^^^^^^^^^^^^^^^^^^^^^^
  File "/usr/local/lib/python3.12/site-packages/django/template/base.py", line 965, in _resolve_lookup
    current = current[bit]
              ~~~~~~~^^^^^
  File "/usr/local/lib/python3.12/site-packages/django/utils/functional.py", line 251, in inner
    self._setup()
  File "/usr/local/lib/python3.12/site-packages/django/utils/functional.py", line 404, in _setup
    self._wrapped = self._setupfunc()
                    ^^^^^^^^^^^^^^^^^
  File "/usr/local/lib/python3.12/site-packages/django/contrib/auth/middleware.py", line 40, in <lambda>
    request.user = SimpleLazyObject(lambda: get_user(request))
                                            ^^^^^^^^^^^^^^^^^
  File "/usr/local/lib/python3.12/site-packages/django/contrib/auth/middleware.py", line 20, in get_user
    request._cached_user = auth.get_user(request)
                           ^^^^^^^^^^^^^^^^^^^^^^
  File "/usr/local/lib/python3.12/site-packages/django/contrib/auth/__init__.py", line 321, in get_user
    user_id = _get_user_session_key(request)
              ^^^^^^^^^^^^^^^^^^^^^^^^^^^^^^
  File "/usr/local/lib/python3.12/site-packages/django/contrib/auth/__init__.py", line 95, in _get_user_session_key
    return get_user_model()._meta.pk.to_python(request.session[SESSION_KEY])
                                               ~~~~~~~~~~~~~~~^^^^^^^^^^^^^
  File "/usr/local/lib/python3.12/site-packages/django/contrib/sessions/backends/base.py", line 55, in __getitem__
    return self._session[key]
           ^^^^^^^^^^^^^
  File "/usr/local/lib/python3.12/site-packages/django/contrib/sessions/backends/base.py", line 251, in _get_session
    self._session_cache = self.load()
                          ^^^^^^^^^^^
  File "/usr/local/lib/python3.12/site-packages/django/contrib/sessions/backends/db.py", line 55, in load
    s = self._get_session_from_db()
        ^^^^^^^^^^^^^^^^^^^^^^^^^^^
  File "/usr/local/lib/python3.12/site-packages/django/contrib/sessions/backends/db.py", line 34, in _get_session_from_db
    return self.model.objects.get(
           ^^^^^^^^^^^^^^^^^^^^^^^
  File "/usr/local/lib/python3.12/site-packages/django/db/models/manager.py", line 87, in manager_method
    return getattr(self.get_queryset(), name)(*args, **kwargs)
           ^^^^^^^^^^^^^^^^^^^^^^^^^^^^^^^^^^^^^^^^^^^^^^^^^^^
  File "/usr/local/lib/python3.12/site-packages/django/db/models/query.py", line 635, in get
    num = len(clone)
          ^^^^^^^^^^
  File "/usr/local/lib/python3.12/site-packages/django/db/models/query.py", line 372, in __len__
    self._fetch_all()
  File "/usr/local/lib/python3.12/site-packages/django/db/models/query.py", line 2000, in _fetch_all
    self._result_cache = list(self._iterable_class(self))
                         ^^^^^^^^^^^^^^^^^^^^^^^^^^^^^^^^
  File "/usr/local/lib/python3.12/site-packages/django/db/models/query.py", line 95, in __iter__
    results = compiler.execute_sql(
              ^^^^^^^^^^^^^^^^^^^^^
  File "/usr/local/lib/python3.12/site-packages/django/db/models/sql/compiler.py", line 1624, in execute_sql
    cursor.execute(sql, params)
  File "/usr/local/lib/python3.12/site-packages/django/db/backends/utils.py", line 122, in execute
    return super().execute(sql, params)
           ^^^^^^^^^^^^^^^^^^^^^^^^^^^^
  File "/usr/local/lib/python3.12/site-packages/django/db/backends/utils.py", line 79, in execute
    return self._execute_with_wrappers(
           ^^^^^^^^^^^^^^^^^^^^^^^^^^^^
  File "/usr/local/lib/python3.12/site-packages/django/db/backends/utils.py", line 92, in _execute_with_wrappers
    return executor(sql, params, many, context)
           ^^^^^^^^^^^^^^^^^^^^^^^^^^^^^^^^^^^^
  File "/usr/local/lib/python3.12/site-packages/django/db/backends/utils.py", line 100, in _execute
    with self.db.wrap_database_errors:
         ^^^^^^^^^^^^^^^^^^^^^^^^^^^^
  File "/usr/local/lib/python3.12/site-packages/django/db/utils.py", line 94, in __exit__
    raise dj_exc_value.with_traceback(traceback) from exc_value
  File "/usr/local/lib/python3.12/site-packages/django/db/backends/utils.py", line 105, in _execute
    return self.cursor.execute(sql, params)
           ^^^^^^^^^^^^^^^^^^^^^^^^^^^^^^^^
  File "/usr/local/lib/python3.12/site-packages/psycopg/cursor.py", line 117, in execute
    raise ex.with_traceback(None)
django.db.utils.ProgrammingError: relation "django_session" does not exist
LINE 1: ...ession_data", "django_session"."expire_date" FROM "django_se...
                                                             ^
[18.08.2026 13:30:38] ERROR [django.server:249] "GET / HTTP/1.0" 500 271579
[18.08.2026 13:30:38] WARNING [django.request:249] Not Found: /favicon.ico
[18.08.2026 13:30:38] WARNING [django.server:249] "GET /favicon.ico HTTP/1.0" 404 5362
[18.08.2026 13:30:39] ERROR [django.request:249] Internal Server Error: /
Traceback (most recent call last):
  File "/usr/local/lib/python3.12/site-packages/django/contrib/sessions/backends/base.py", line 246, in _get_session
    return self._session_cache
           ^^^^^^^^^^^^^^^^^^^
AttributeError: 'SessionStore' object has no attribute '_session_cache'

During handling of the above exception, another exception occurred:

Traceback (most recent call last):
  File "/usr/local/lib/python3.12/site-packages/django/db/backends/utils.py", line 105, in _execute
    return self.cursor.execute(sql, params)
           ^^^^^^^^^^^^^^^^^^^^^^^^^^^^^^^^
  File "/usr/local/lib/python3.12/site-packages/psycopg/cursor.py", line 117, in execute
    raise ex.with_traceback(None)
psycopg.errors.UndefinedTable: relation "django_session" does not exist
LINE 1: ...ession_data", "django_session"."expire_date" FROM "django_se...
                                                             ^

The above exception was the direct cause of the following exception:

Traceback (most recent call last):
  File "/usr/local/lib/python3.12/site-packages/django/core/handlers/exception.py", line 55, in inner
    response = get_response(request)
               ^^^^^^^^^^^^^^^^^^^^^
  File "/usr/local/lib/python3.12/site-packages/django/core/handlers/base.py", line 198, in _get_response
    response = wrapped_callback(request, *callback_args, **callback_kwargs)
               ^^^^^^^^^^^^^^^^^^^^^^^^^^^^^^^^^^^^^^^^^^^^^^^^^^^^^^^^^^^^
  File "/usr/local/lib/python3.12/site-packages/django/utils/decorators.py", line 192, in _view_wrapper
    result = _process_exception(request, e)
             ^^^^^^^^^^^^^^^^^^^^^^^^^^^^^^
  File "/usr/local/lib/python3.12/site-packages/django/utils/decorators.py", line 190, in _view_wrapper
    response = view_func(request, *args, **kwargs)
               ^^^^^^^^^^^^^^^^^^^^^^^^^^^^^^^^^^^
  File "/app/core/views.py", line 12, in index
    return render(
          ^^^^^^^
  File "/usr/local/lib/python3.12/site-packages/django/shortcuts.py", line 25, in render
    content = loader.render_to_string(template_name, context, request, using=using)
              ^^^^^^^^^^^^^^^^^^^^^^^^^^^^^^^^^^^^^^^^^^^^^^^^^^^^^^^^^^^^^^^^^^^^^
  File "/usr/local/lib/python3.12/site-packages/django/template/loader.py", line 62, in render_to_string
    return template.render(context, request)
           ^^^^^^^^^^^^^^^^^^^^^^^^^^^^^^^^^
  File "/usr/local/lib/python3.12/site-packages/django/template/backends/django.py", line 107, in render
    return self.template.render(context)
           ^^^^^^^^^^^^^^^^^^^^^^^^^^^^^
  File "/usr/local/lib/python3.12/site-packages/django/template/base.py", line 174, in render
    return self._render(context)
           ^^^^^^^^^^^^^^^^^^^^^
  File "/usr/local/lib/python3.12/site-packages/django/template/base.py", line 166, in _render
    return self.nodelist.render(context)
           ^^^^^^^^^^^^^^^^^^^^^^^^^^^^^
  File "/usr/local/lib/python3.12/site-packages/django/template/base.py", line 1091, in render
    return SafeString("".join([node.render_annotated(context) for node in self]))
                               ^^^^^^^^^^^^^^^^^^^^^^^^^^^^^^
  File "/usr/local/lib/python3.12/site-packages/django/template/base.py", line 1052, in render_annotated
    return self.render(context)
           ^^^^^^^^^^^^^^^^^^^^
  File "/usr/local/lib/python3.12/site-packages/django/template/loader_tags.py", line 160, in render
    return compiled_parent._render(context)
           ^^^^^^^^^^^^^^^^^^^^^^^^^^^^^^^^
  File "/usr/local/lib/python3.12/site-packages/django/template/base.py", line 166, in _render
    return self.nodelist.render(context)
           ^^^^^^^^^^^^^^^^^^^^^^^^^^^^^
  File "/usr/local/lib/python3.12/site-packages/django/template/base.py", line 1091, in render
    return SafeString("".join([node.render_annotated(context) for node in self]))
                               ^^^^^^^^^^^^^^^^^^^^^^^^^^^^^^
  File "/usr/local/lib/python3.12/site-packages/django/template/base.py", line 1052, in render_annotated
    return self.render(context)
           ^^^^^^^^^^^^^^^^^^^^
  File "/usr/local/lib/python3.12/site-packages/django/template/defaulttags.py", line 326, in render
    match = condition.eval(context)
            ^^^^^^^^^^^^^^^^^^^^^^^
  File "/usr/local/lib/python3.12/site-packages/django/template/defaulttags.py", line 918, in eval
    return self.value.resolve(context, ignore_failures=True)
           ^^^^^^^^^^^^^^^^^^^^^^^^^^^^^^^^^^^^^^^^^^^^^^^^^
  File "/usr/local/lib/python3.12/site-packages/django/template/base.py", line 788, in resolve
    obj = self.var.resolve(context)
          ^^^^^^^^^^^^^^^^^^^^^^^^^
  File "/usr/local/lib/python3.12/site-packages/django/template/base.py", line 928, in resolve
    value = self._resolve_lookup(context)
            ^^^^^^^^^^^^^^^^^^^^^^^^^^^^^
  File "/usr/local/lib/python3.12/site-packages/django/template/base.py", line 965, in _resolve_lookup
    current = current[bit]
              ~~~~~~~^^^^^
  File "/usr/local/lib/python3.12/site-packages/django/utils/functional.py", line 251, in inner
    self._setup()
  File "/usr/local/lib/python3.12/site-packages/django/utils/functional.py", line 404, in _setup
    self._wrapped = self._setupfunc()
                    ^^^^^^^^^^^^^^^^^
  File "/usr/local/lib/python3.12/site-packages/django/contrib/auth/middleware.py", line 40, in <lambda>
    request.user = SimpleLazyObject(lambda: get_user(request))
                                            ^^^^^^^^^^^^^^^^^
  File "/usr/local/lib/python3.12/site-packages/django/contrib/auth/middleware.py", line 20, in get_user
    request._cached_user = auth.get_user(request)
                           ^^^^^^^^^^^^^^^^^^^^^^
  File "/usr/local/lib/python3.12/site-packages/django/contrib/auth/__init__.py", line 321, in get_user
    user_id = _get_user_session_key(request)
              ^^^^^^^^^^^^^^^^^^^^^^^^^^^^^^
  File "/usr/local/lib/python3.12/site-packages/django/contrib/auth/__init__.py", line 95, in _get_user_session_key
    return get_user_model()._meta.pk.to_python(request.session[SESSION_KEY])
                                               ~~~~~~~~~~~~~~~^^^^^^^^^^^^^
  File "/usr/local/lib/python3.12/site-packages/django/contrib/sessions/backends/base.py", line 55, in __getitem__
    return self._session[key]
           ^^^^^^^^^^^^^
  File "/usr/local/lib/python3.12/site-packages/django/contrib/sessions/backends/base.py", line 251, in _get_session
    self._session_cache = self.load()
                          ^^^^^^^^^^^
  File "/usr/local/lib/python3.12/site-packages/django/contrib/sessions/backends/db.py", line 55, in load
    s = self._get_session_from_db()
        ^^^^^^^^^^^^^^^^^^^^^^^^^^^
  File "/usr/local/lib/python3.12/site-packages/django/contrib/sessions/backends/db.py", line 34, in _get_session_from_db
    return self.model.objects.get(
           ^^^^^^^^^^^^^^^^^^^^^^^
  File "/usr/local/lib/python3.12/site-packages/django/db/models/manager.py", line 87, in manager_method
    return getattr(self.get_queryset(), name)(*args, **kwargs)
           ^^^^^^^^^^^^^^^^^^^^^^^^^^^^^^^^^^^^^^^^^^^^^^^^^^^
  File "/usr/local/lib/python3.12/site-packages/django/db/models/query.py", line 635, in get
    num = len(clone)
          ^^^^^^^^^^
  File "/usr/local/lib/python3.12/site-packages/django/db/models/query.py", line 372, in __len__
    self._fetch_all()
  File "/usr/local/lib/python3.12/site-packages/django/db/models/query.py", line 2000, in _fetch_all
    self._result_cache = list(self._iterable_class(self))
                         ^^^^^^^^^^^^^^^^^^^^^^^^^^^^^^^^
  File "/usr/local/lib/python3.12/site-packages/django/db/models/query.py", line 95, in __iter__
    results = compiler.execute_sql(
              ^^^^^^^^^^^^^^^^^^^^^
  File "/usr/local/lib/python3.12/site-packages/django/db/models/sql/compiler.py", line 1624, in execute_sql
    cursor.execute(sql, params)
  File "/usr/local/lib/python3.12/site-packages/django/db/backends/utils.py", line 122, in execute
    return super().execute(sql, params)
           ^^^^^^^^^^^^^^^^^^^^^^^^^^^^
  File "/usr/local/lib/python3.12/site-packages/django/db/backends/utils.py", line 79, in execute
    return self._execute_with_wrappers(
           ^^^^^^^^^^^^^^^^^^^^^^^^^^^^
  File "/usr/local/lib/python3.12/site-packages/django/db/backends/utils.py", line 92, in _execute_with_wrappers
    return executor(sql, params, many, context)
           ^^^^^^^^^^^^^^^^^^^^^^^^^^^^^^^^^^^^
  File "/usr/local/lib/python3.12/site-packages/django/db/backends/utils.py", line 100, in _execute
    with self.db.wrap_database_errors:
         ^^^^^^^^^^^^^^^^^^^^^^^^^^^^
  File "/usr/local/lib/python3.12/site-packages/django/db/utils.py", line 94, in __exit__
    raise dj_exc_value.with_traceback(traceback) from exc_value
  File "/usr/local/lib/python3.12/site-packages/django/db/backends/utils.py", line 105, in _execute
    return self.cursor.execute(sql, params)
           ^^^^^^^^^^^^^^^^^^^^^^^^^^^^^^^^
  File "/usr/local/lib/python3.12/site-packages/psycopg/cursor.py", line 117, in execute
    raise ex.with_traceback(None)
django.db.utils.ProgrammingError: relation "django_session" does not exist
LINE 1: ...ession_data", "django_session"."expire_date" FROM "django_se...
                                                             ^
[18.08.2026 13:30:39] ERROR [django.server:249] "GET / HTTP/1.0" 500 271568
[18.08.2026 13:31:38] ERROR [django.request:249] Internal Server Error: /
Traceback (most recent call last):
  File "/usr/local/lib/python3.12/site-packages/django/contrib/sessions/backends/base.py", line 246, in _get_session
    return self._session_cache
           ^^^^^^^^^^^^^^^^^^^
AttributeError: 'SessionStore' object has no attribute '_session_cache'

During handling of the above exception, another exception occurred:

Traceback (most recent call last):
  File "/usr/local/lib/python3.12/site-packages/django/db/backends/utils.py", line 105, in _execute
    return self.cursor.execute(sql, params)
           ^^^^^^^^^^^^^^^^^^^^^^^^^^^^^^^^
  File "/usr/local/lib/python3.12/site-packages/psycopg/cursor.py", line 117, in execute
    raise ex.with_traceback(None)
psycopg.errors.UndefinedTable: relation "django_session" does not exist
LINE 1: ...ession_data", "django_session"."expire_date" FROM "django_se...
                                                             ^

The above exception was the direct cause of the following exception:

Traceback (most recent call last):
  File "/usr/local/lib/python3.12/site-packages/django/core/handlers/exception.py", line 55, in inner
    response = get_response(request)
               ^^^^^^^^^^^^^^^^^^^^^
  File "/usr/local/lib/python3.12/site-packages/django/core/handlers/base.py", line 198, in _get_response
    response = wrapped_callback(request, *callback_args, **callback_kwargs)
               ^^^^^^^^^^^^^^^^^^^^^^^^^^^^^^^^^^^^^^^^^^^^^^^^^^^^^^^^^^^^
  File "/usr/local/lib/python3.12/site-packages/django/utils/decorators.py", line 192, in _view_wrapper
    result = _process_exception(request, e)
             ^^^^^^^^^^^^^^^^^^^^^^^^^^^^^^
  File "/usr/local/lib/python3.12/site-packages/django/utils/decorators.py", line 190, in _view_wrapper
    response = view_func(request, *args, **kwargs)
               ^^^^^^^^^^^^^^^^^^^^^^^^^^^^^^^^^^^
  File "/app/core/views.py", line 12, in index
    return render(
          ^^^^^^^
  File "/usr/local/lib/python3.12/site-packages/django/shortcuts.py", line 25, in render
    content = loader.render_to_string(template_name, context, request, using=using)
              ^^^^^^^^^^^^^^^^^^^^^^^^^^^^^^^^^^^^^^^^^^^^^^^^^^^^^^^^^^^^^^^^^^^^^
  File "/usr/local/lib/python3.12/site-packages/django/template/loader.py", line 62, in render_to_string
    return template.render(context, request)
           ^^^^^^^^^^^^^^^^^^^^^^^^^^^^^^^^^
  File "/usr/local/lib/python3.12/site-packages/django/template/backends/django.py", line 107, in render
    return self.template.render(context)
           ^^^^^^^^^^^^^^^^^^^^^^^^^^^^^
  File "/usr/local/lib/python3.12/site-packages/django/template/base.py", line 174, in render
    return self._render(context)
           ^^^^^^^^^^^^^^^^^^^^^
  File "/usr/local/lib/python3.12/site-packages/django/template/base.py", line 166, in _render
    return self.nodelist.render(context)
           ^^^^^^^^^^^^^^^^^^^^^^^^^^^^^
  File "/usr/local/lib/python3.12/site-packages/django/template/base.py", line 1091, in render
    return SafeString("".join([node.render_annotated(context) for node in self]))
                               ^^^^^^^^^^^^^^^^^^^^^^^^^^^^^^
  File "/usr/local/lib/python3.12/site-packages/django/template/base.py", line 1052, in render_annotated
    return self.render(context)
           ^^^^^^^^^^^^^^^^^^^^
  File "/usr/local/lib/python3.12/site-packages/django/template/loader_tags.py", line 160, in render
    return compiled_parent._render(context)
           ^^^^^^^^^^^^^^^^^^^^^^^^^^^^^^^^
  File "/usr/local/lib/python3.12/site-packages/django/template/base.py", line 166, in _render
    return self.nodelist.render(context)
           ^^^^^^^^^^^^^^^^^^^^^^^^^^^^^
  File "/usr/local/lib/python3.12/site-packages/django/template/base.py", line 1091, in render
    return SafeString("".join([node.render_annotated(context) for node in self]))
                               ^^^^^^^^^^^^^^^^^^^^^^^^^^^^^^
  File "/usr/local/lib/python3.12/site-packages/django/template/base.py", line 1052, in render_annotated
    return self.render(context)
           ^^^^^^^^^^^^^^^^^^^^
  File "/usr/local/lib/python3.12/site-packages/django/template/defaulttags.py", line 326, in render
    match = condition.eval(context)
            ^^^^^^^^^^^^^^^^^^^^^^^
  File "/usr/local/lib/python3.12/site-packages/django/template/defaulttags.py", line 918, in eval
    return self.value.resolve(context, ignore_failures=True)
           ^^^^^^^^^^^^^^^^^^^^^^^^^^^^^^^^^^^^^^^^^^^^^^^^^
  File "/usr/local/lib/python3.12/site-packages/django/template/base.py", line 788, in resolve
    obj = self.var.resolve(context)
          ^^^^^^^^^^^^^^^^^^^^^^^^^
  File "/usr/local/lib/python3.12/site-packages/django/template/base.py", line 928, in resolve
    value = self._resolve_lookup(context)
            ^^^^^^^^^^^^^^^^^^^^^^^^^^^^^
  File "/usr/local/lib/python3.12/site-packages/django/template/base.py", line 965, in _resolve_lookup
    current = current[bit]
              ~~~~~~~^^^^^
  File "/usr/local/lib/python3.12/site-packages/django/utils/functional.py", line 251, in inner
    self._setup()
  File "/usr/local/lib/python3.12/site-packages/django/utils/functional.py", line 404, in _setup
    self._wrapped = self._setupfunc()
                    ^^^^^^^^^^^^^^^^^
  File "/usr/local/lib/python3.12/site-packages/django/contrib/auth/middleware.py", line 40, in <lambda>
    request.user = SimpleLazyObject(lambda: get_user(request))
                                            ^^^^^^^^^^^^^^^^^
  File "/usr/local/lib/python3.12/site-packages/django/contrib/auth/middleware.py", line 20, in get_user
    request._cached_user = auth.get_user(request)
                           ^^^^^^^^^^^^^^^^^^^^^^
  File "/usr/local/lib/python3.12/site-packages/django/contrib/auth/__init__.py", line 321, in get_user
    user_id = _get_user_session_key(request)
              ^^^^^^^^^^^^^^^^^^^^^^^^^^^^^^
  File "/usr/local/lib/python3.12/site-packages/django/contrib/auth/__init__.py", line 95, in _get_user_session_key
    return get_user_model()._meta.pk.to_python(request.session[SESSION_KEY])
                                               ~~~~~~~~~~~~~~~^^^^^^^^^^^^^
  File "/usr/local/lib/python3.12/site-packages/django/contrib/sessions/backends/base.py", line 55, in __getitem__
    return self._session[key]
           ^^^^^^^^^^^^^
  File "/usr/local/lib/python3.12/site-packages/django/contrib/sessions/backends/base.py", line 251, in _get_session
    self._session_cache = self.load()
                          ^^^^^^^^^^^
  File "/usr/local/lib/python3.12/site-packages/django/contrib/sessions/backends/db.py", line 55, in load
    s = self._get_session_from_db()
        ^^^^^^^^^^^^^^^^^^^^^^^^^^^
  File "/usr/local/lib/python3.12/site-packages/django/contrib/sessions/backends/db.py", line 34, in _get_session_from_db
    return self.model.objects.get(
           ^^^^^^^^^^^^^^^^^^^^^^^
  File "/usr/local/lib/python3.12/site-packages/django/db/models/manager.py", line 87, in manager_method
    return getattr(self.get_queryset(), name)(*args, **kwargs)
           ^^^^^^^^^^^^^^^^^^^^^^^^^^^^^^^^^^^^^^^^^^^^^^^^^^^
  File "/usr/local/lib/python3.12/site-packages/django/db/models/query.py", line 635, in get
    num = len(clone)
          ^^^^^^^^^^
  File "/usr/local/lib/python3.12/site-packages/django/db/models/query.py", line 372, in __len__
    self._fetch_all()
  File "/usr/local/lib/python3.12/site-packages/django/db/models/query.py", line 2000, in _fetch_all
    self._result_cache = list(self._iterable_class(self))
                         ^^^^^^^^^^^^^^^^^^^^^^^^^^^^^^^^
  File "/usr/local/lib/python3.12/site-packages/django/db/models/query.py", line 95, in __iter__
    results = compiler.execute_sql(
              ^^^^^^^^^^^^^^^^^^^^^
  File "/usr/local/lib/python3.12/site-packages/django/db/models/sql/compiler.py", line 1624, in execute_sql
    cursor.execute(sql, params)
  File "/usr/local/lib/python3.12/site-packages/django/db/backends/utils.py", line 122, in execute
    return super().execute(sql, params)
           ^^^^^^^^^^^^^^^^^^^^^^^^^^^^
  File "/usr/local/lib/python3.12/site-packages/django/db/backends/utils.py", line 79, in execute
    return self._execute_with_wrappers(
           ^^^^^^^^^^^^^^^^^^^^^^^^^^^^
  File "/usr/local/lib/python3.12/site-packages/django/db/backends/utils.py", line 92, in _execute_with_wrappers
    return executor(sql, params, many, context)
           ^^^^^^^^^^^^^^^^^^^^^^^^^^^^^^^^^^^^
  File "/usr/local/lib/python3.12/site-packages/django/db/backends/utils.py", line 100, in _execute
    with self.db.wrap_database_errors:
         ^^^^^^^^^^^^^^^^^^^^^^^^^^^^
  File "/usr/local/lib/python3.12/site-packages/django/db/utils.py", line 94, in __exit__
    raise dj_exc_value.with_traceback(traceback) from exc_value
  File "/usr/local/lib/python3.12/site-packages/django/db/backends/utils.py", line 105, in _execute
    return self.cursor.execute(sql, params)
           ^^^^^^^^^^^^^^^^^^^^^^^^^^^^^^^^
  File "/usr/local/lib/python3.12/site-packages/psycopg/cursor.py", line 117, in execute
    raise ex.with_traceback(None)
django.db.utils.ProgrammingError: relation "django_session" does not exist
LINE 1: ...ession_data", "django_session"."expire_date" FROM "django_se...
                                                             ^
[18.08.2026 13:31:38] ERROR [django.server:249] "GET / HTTP/1.0" 500 271579
[18.08.2026 13:31:40] ERROR [django.request:249] Internal Server Error: /
Traceback (most recent call last):
  File "/usr/local/lib/python3.12/site-packages/django/contrib/sessions/backends/base.py", line 246, in _get_session
    return self._session_cache
           ^^^^^^^^^^^^^^^^^^^
AttributeError: 'SessionStore' object has no attribute '_session_cache'

During handling of the above exception, another exception occurred:

Traceback (most recent call last):
  File "/usr/local/lib/python3.12/site-packages/django/db/backends/utils.py", line 105, in _execute
    return self.cursor.execute(sql, params)
           ^^^^^^^^^^^^^^^^^^^^^^^^^^^^^^^^
  File "/usr/local/lib/python3.12/site-packages/psycopg/cursor.py", line 117, in execute
    raise ex.with_traceback(None)
psycopg.errors.UndefinedTable: relation "django_session" does not exist
LINE 1: ...ession_data", "django_session"."expire_date" FROM "django_se...
                                                             ^

The above exception was the direct cause of the following exception:

Traceback (most recent call last):
  File "/usr/local/lib/python3.12/site-packages/django/core/handlers/exception.py", line 55, in inner
    response = get_response(request)
               ^^^^^^^^^^^^^^^^^^^^^
  File "/usr/local/lib/python3.12/site-packages/django/core/handlers/base.py", line 198, in _get_response
    response = wrapped_callback(request, *callback_args, **callback_kwargs)
               ^^^^^^^^^^^^^^^^^^^^^^^^^^^^^^^^^^^^^^^^^^^^^^^^^^^^^^^^^^^^
  File "/usr/local/lib/python3.12/site-packages/django/utils/decorators.py", line 192, in _view_wrapper
    result = _process_exception(request, e)
             ^^^^^^^^^^^^^^^^^^^^^^^^^^^^^^
  File "/usr/local/lib/python3.12/site-packages/django/utils/decorators.py", line 190, in _view_wrapper
    response = view_func(request, *args, **kwargs)
               ^^^^^^^^^^^^^^^^^^^^^^^^^^^^^^^^^^^
  File "/app/core/views.py", line 12, in index
    return render(
          ^^^^^^^
  File "/usr/local/lib/python3.12/site-packages/django/shortcuts.py", line 25, in render
    content = loader.render_to_string(template_name, context, request, using=using)
              ^^^^^^^^^^^^^^^^^^^^^^^^^^^^^^^^^^^^^^^^^^^^^^^^^^^^^^^^^^^^^^^^^^^^^
  File "/usr/local/lib/python3.12/site-packages/django/template/loader.py", line 62, in render_to_string
    return template.render(context, request)
           ^^^^^^^^^^^^^^^^^^^^^^^^^^^^^^^^^
  File "/usr/local/lib/python3.12/site-packages/django/template/backends/django.py", line 107, in render
    return self.template.render(context)
           ^^^^^^^^^^^^^^^^^^^^^^^^^^^^^
  File "/usr/local/lib/python3.12/site-packages/django/template/base.py", line 174, in render
    return self._render(context)
           ^^^^^^^^^^^^^^^^^^^^^
  File "/usr/local/lib/python3.12/site-packages/django/template/base.py", line 166, in _render
    return self.nodelist.render(context)
           ^^^^^^^^^^^^^^^^^^^^^^^^^^^^^
  File "/usr/local/lib/python3.12/site-packages/django/template/base.py", line 1091, in render
    return SafeString("".join([node.render_annotated(context) for node in self]))
                               ^^^^^^^^^^^^^^^^^^^^^^^^^^^^^^
  File "/usr/local/lib/python3.12/site-packages/django/template/base.py", line 1052, in render_annotated
    return self.render(context)
           ^^^^^^^^^^^^^^^^^^^^
  File "/usr/local/lib/python3.12/site-packages/django/template/loader_tags.py", line 160, in render
    return compiled_parent._render(context)
           ^^^^^^^^^^^^^^^^^^^^^^^^^^^^^^^^
  File "/usr/local/lib/python3.12/site-packages/django/template/base.py", line 166, in _render
    return self.nodelist.render(context)
           ^^^^^^^^^^^^^^^^^^^^^^^^^^^^^
  File "/usr/local/lib/python3.12/site-packages/django/template/base.py", line 1091, in render
    return SafeString("".join([node.render_annotated(context) for node in self]))
                               ^^^^^^^^^^^^^^^^^^^^^^^^^^^^^^
  File "/usr/local/lib/python3.12/site-packages/django/template/base.py", line 1052, in render_annotated
    return self.render(context)
           ^^^^^^^^^^^^^^^^^^^^
  File "/usr/local/lib/python3.12/site-packages/django/template/defaulttags.py", line 326, in render
    match = condition.eval(context)
            ^^^^^^^^^^^^^^^^^^^^^^^
  File "/usr/local/lib/python3.12/site-packages/django/template/defaulttags.py", line 918, in eval
    return self.value.resolve(context, ignore_failures=True)
           ^^^^^^^^^^^^^^^^^^^^^^^^^^^^^^^^^^^^^^^^^^^^^^^^^
  File "/usr/local/lib/python3.12/site-packages/django/template/base.py", line 788, in resolve
    obj = self.var.resolve(context)
          ^^^^^^^^^^^^^^^^^^^^^^^^^
  File "/usr/local/lib/python3.12/site-packages/django/template/base.py", line 928, in resolve
    value = self._resolve_lookup(context)
            ^^^^^^^^^^^^^^^^^^^^^^^^^^^^^
  File "/usr/local/lib/python3.12/site-packages/django/template/base.py", line 965, in _resolve_lookup
    current = current[bit]
              ~~~~~~~^^^^^
  File "/usr/local/lib/python3.12/site-packages/django/utils/functional.py", line 251, in inner
    self._setup()
  File "/usr/local/lib/python3.12/site-packages/django/utils/functional.py", line 404, in _setup
    self._wrapped = self._setupfunc()
                    ^^^^^^^^^^^^^^^^^
  File "/usr/local/lib/python3.12/site-packages/django/contrib/auth/middleware.py", line 40, in <lambda>
    request.user = SimpleLazyObject(lambda: get_user(request))
                                            ^^^^^^^^^^^^^^^^^
  File "/usr/local/lib/python3.12/site-packages/django/contrib/auth/middleware.py", line 20, in get_user
    request._cached_user = auth.get_user(request)
                           ^^^^^^^^^^^^^^^^^^^^^^
  File "/usr/local/lib/python3.12/site-packages/django/contrib/auth/__init__.py", line 321, in get_user
    user_id = _get_user_session_key(request)
              ^^^^^^^^^^^^^^^^^^^^^^^^^^^^^^
  File "/usr/local/lib/python3.12/site-packages/django/contrib/auth/__init__.py", line 95, in _get_user_session_key
    return get_user_model()._meta.pk.to_python(request.session[SESSION_KEY])
                                               ~~~~~~~~~~~~~~~^^^^^^^^^^^^^
  File "/usr/local/lib/python3.12/site-packages/django/contrib/sessions/backends/base.py", line 55, in __getitem__
    return self._session[key]
           ^^^^^^^^^^^^^
  File "/usr/local/lib/python3.12/site-packages/django/contrib/sessions/backends/base.py", line 251, in _get_session
    self._session_cache = self.load()
                          ^^^^^^^^^^^
  File "/usr/local/lib/python3.12/site-packages/django/contrib/sessions/backends/db.py", line 55, in load
    s = self._get_session_from_db()
        ^^^^^^^^^^^^^^^^^^^^^^^^^^^
  File "/usr/local/lib/python3.12/site-packages/django/contrib/sessions/backends/db.py", line 34, in _get_session_from_db
    return self.model.objects.get(
           ^^^^^^^^^^^^^^^^^^^^^^^
  File "/usr/local/lib/python3.12/site-packages/django/db/models/manager.py", line 87, in manager_method
    return getattr(self.get_queryset(), name)(*args, **kwargs)
           ^^^^^^^^^^^^^^^^^^^^^^^^^^^^^^^^^^^^^^^^^^^^^^^^^^^
  File "/usr/local/lib/python3.12/site-packages/django/db/models/query.py", line 635, in get
    num = len(clone)
          ^^^^^^^^^^
  File "/usr/local/lib/python3.12/site-packages/django/db/models/query.py", line 372, in __len__
    self._fetch_all()
  File "/usr/local/lib/python3.12/site-packages/django/db/models/query.py", line 2000, in _fetch_all
    self._result_cache = list(self._iterable_class(self))
                         ^^^^^^^^^^^^^^^^^^^^^^^^^^^^^^^^
  File "/usr/local/lib/python3.12/site-packages/django/db/models/query.py", line 95, in __iter__
    results = compiler.execute_sql(
              ^^^^^^^^^^^^^^^^^^^^^
  File "/usr/local/lib/python3.12/site-packages/django/db/models/sql/compiler.py", line 1624, in execute_sql
    cursor.execute(sql, params)
  File "/usr/local/lib/python3.12/site-packages/django/db/backends/utils.py", line 122, in execute
    return super().execute(sql, params)
           ^^^^^^^^^^^^^^^^^^^^^^^^^^^^
  File "/usr/local/lib/python3.12/site-packages/django/db/backends/utils.py", line 79, in execute
    return self._execute_with_wrappers(
           ^^^^^^^^^^^^^^^^^^^^^^^^^^^^
  File "/usr/local/lib/python3.12/site-packages/django/db/backends/utils.py", line 92, in _execute_with_wrappers
    return executor(sql, params, many, context)
           ^^^^^^^^^^^^^^^^^^^^^^^^^^^^^^^^^^^^
  File "/usr/local/lib/python3.12/site-packages/django/db/backends/utils.py", line 100, in _execute
    with self.db.wrap_database_errors:
         ^^^^^^^^^^^^^^^^^^^^^^^^^^^^
  File "/usr/local/lib/python3.12/site-packages/django/db/utils.py", line 94, in __exit__
    raise dj_exc_value.with_traceback(traceback) from exc_value
  File "/usr/local/lib/python3.12/site-packages/django/db/backends/utils.py", line 105, in _execute
    return self.cursor.execute(sql, params)
           ^^^^^^^^^^^^^^^^^^^^^^^^^^^^^^^^
  File "/usr/local/lib/python3.12/site-packages/psycopg/cursor.py", line 117, in execute
    raise ex.with_traceback(None)
django.db.utils.ProgrammingError: relation "django_session" does not exist
LINE 1: ...ession_data", "django_session"."expire_date" FROM "django_se...
                                                             ^
[18.08.2026 13:31:40] ERROR [django.server:249] "GET / HTTP/1.0" 500 271579
[18.08.2026 13:31:41] ERROR [django.request:249] Internal Server Error: /
Traceback (most recent call last):
  File "/usr/local/lib/python3.12/site-packages/django/contrib/sessions/backends/base.py", line 246, in _get_session
    return self._session_cache
           ^^^^^^^^^^^^^^^^^^^
AttributeError: 'SessionStore' object has no attribute '_session_cache'

During handling of the above exception, another exception occurred:

Traceback (most recent call last):
  File "/usr/local/lib/python3.12/site-packages/django/db/backends/utils.py", line 105, in _execute
    return self.cursor.execute(sql, params)
           ^^^^^^^^^^^^^^^^^^^^^^^^^^^^^^^^
  File "/usr/local/lib/python3.12/site-packages/psycopg/cursor.py", line 117, in execute
    raise ex.with_traceback(None)
psycopg.errors.UndefinedTable: relation "django_session" does not exist
LINE 1: ...ession_data", "django_session"."expire_date" FROM "django_se...
                                                             ^

The above exception was the direct cause of the following exception:

Traceback (most recent call last):
  File "/usr/local/lib/python3.12/site-packages/django/core/handlers/exception.py", line 55, in inner
    response = get_response(request)
               ^^^^^^^^^^^^^^^^^^^^^
  File "/usr/local/lib/python3.12/site-packages/django/core/handlers/base.py", line 198, in _get_response
    response = wrapped_callback(request, *callback_args, **callback_kwargs)
               ^^^^^^^^^^^^^^^^^^^^^^^^^^^^^^^^^^^^^^^^^^^^^^^^^^^^^^^^^^^^
  File "/usr/local/lib/python3.12/site-packages/django/utils/decorators.py", line 192, in _view_wrapper
    result = _process_exception(request, e)
             ^^^^^^^^^^^^^^^^^^^^^^^^^^^^^^
  File "/usr/local/lib/python3.12/site-packages/django/utils/decorators.py", line 190, in _view_wrapper
    response = view_func(request, *args, **kwargs)
               ^^^^^^^^^^^^^^^^^^^^^^^^^^^^^^^^^^^
  File "/app/core/views.py", line 12, in index
    return render(
          ^^^^^^^
  File "/usr/local/lib/python3.12/site-packages/django/shortcuts.py", line 25, in render
    content = loader.render_to_string(template_name, context, request, using=using)
              ^^^^^^^^^^^^^^^^^^^^^^^^^^^^^^^^^^^^^^^^^^^^^^^^^^^^^^^^^^^^^^^^^^^^^
  File "/usr/local/lib/python3.12/site-packages/django/template/loader.py", line 62, in render_to_string
    return template.render(context, request)
           ^^^^^^^^^^^^^^^^^^^^^^^^^^^^^^^^^
  File "/usr/local/lib/python3.12/site-packages/django/template/backends/django.py", line 107, in render
    return self.template.render(context)
           ^^^^^^^^^^^^^^^^^^^^^^^^^^^^^
  File "/usr/local/lib/python3.12/site-packages/django/template/base.py", line 174, in render
    return self._render(context)
           ^^^^^^^^^^^^^^^^^^^^^
  File "/usr/local/lib/python3.12/site-packages/django/template/base.py", line 166, in _render
    return self.nodelist.render(context)
           ^^^^^^^^^^^^^^^^^^^^^^^^^^^^^
  File "/usr/local/lib/python3.12/site-packages/django/template/base.py", line 1091, in render
    return SafeString("".join([node.render_annotated(context) for node in self]))
                               ^^^^^^^^^^^^^^^^^^^^^^^^^^^^^^
  File "/usr/local/lib/python3.12/site-packages/django/template/base.py", line 1052, in render_annotated
    return self.render(context)
           ^^^^^^^^^^^^^^^^^^^^
  File "/usr/local/lib/python3.12/site-packages/django/template/loader_tags.py", line 160, in render
    return compiled_parent._render(context)
           ^^^^^^^^^^^^^^^^^^^^^^^^^^^^^^^^
  File "/usr/local/lib/python3.12/site-packages/django/template/base.py", line 166, in _render
    return self.nodelist.render(context)
           ^^^^^^^^^^^^^^^^^^^^^^^^^^^^^
  File "/usr/local/lib/python3.12/site-packages/django/template/base.py", line 1091, in render
    return SafeString("".join([node.render_annotated(context) for node in self]))
                               ^^^^^^^^^^^^^^^^^^^^^^^^^^^^^^
  File "/usr/local/lib/python3.12/site-packages/django/template/base.py", line 1052, in render_annotated
    return self.render(context)
           ^^^^^^^^^^^^^^^^^^^^
  File "/usr/local/lib/python3.12/site-packages/django/template/defaulttags.py", line 326, in render
    match = condition.eval(context)
            ^^^^^^^^^^^^^^^^^^^^^^^
  File "/usr/local/lib/python3.12/site-packages/django/template/defaulttags.py", line 918, in eval
    return self.value.resolve(context, ignore_failures=True)
           ^^^^^^^^^^^^^^^^^^^^^^^^^^^^^^^^^^^^^^^^^^^^^^^^^
  File "/usr/local/lib/python3.12/site-packages/django/template/base.py", line 788, in resolve
    obj = self.var.resolve(context)
          ^^^^^^^^^^^^^^^^^^^^^^^^^
  File "/usr/local/lib/python3.12/site-packages/django/template/base.py", line 928, in resolve
    value = self._resolve_lookup(context)
            ^^^^^^^^^^^^^^^^^^^^^^^^^^^^^
  File "/usr/local/lib/python3.12/site-packages/django/template/base.py", line 965, in _resolve_lookup
    current = current[bit]
              ~~~~~~~^^^^^
  File "/usr/local/lib/python3.12/site-packages/django/utils/functional.py", line 251, in inner
    self._setup()
  File "/usr/local/lib/python3.12/site-packages/django/utils/functional.py", line 404, in _setup
    self._wrapped = self._setupfunc()
                    ^^^^^^^^^^^^^^^^^
  File "/usr/local/lib/python3.12/site-packages/django/contrib/auth/middleware.py", line 40, in <lambda>
    request.user = SimpleLazyObject(lambda: get_user(request))
                                            ^^^^^^^^^^^^^^^^^
  File "/usr/local/lib/python3.12/site-packages/django/contrib/auth/middleware.py", line 20, in get_user
    request._cached_user = auth.get_user(request)
                           ^^^^^^^^^^^^^^^^^^^^^^
  File "/usr/local/lib/python3.12/site-packages/django/contrib/auth/__init__.py", line 321, in get_user
    user_id = _get_user_session_key(request)
              ^^^^^^^^^^^^^^^^^^^^^^^^^^^^^^
  File "/usr/local/lib/python3.12/site-packages/django/contrib/auth/__init__.py", line 95, in _get_user_session_key
    return get_user_model()._meta.pk.to_python(request.session[SESSION_KEY])
                                               ~~~~~~~~~~~~~~~^^^^^^^^^^^^^
  File "/usr/local/lib/python3.12/site-packages/django/contrib/sessions/backends/base.py", line 55, in __getitem__
    return self._session[key]
           ^^^^^^^^^^^^^
  File "/usr/local/lib/python3.12/site-packages/django/contrib/sessions/backends/base.py", line 251, in _get_session
    self._session_cache = self.load()
                          ^^^^^^^^^^^
  File "/usr/local/lib/python3.12/site-packages/django/contrib/sessions/backends/db.py", line 55, in load
    s = self._get_session_from_db()
        ^^^^^^^^^^^^^^^^^^^^^^^^^^^
  File "/usr/local/lib/python3.12/site-packages/django/contrib/sessions/backends/db.py", line 34, in _get_session_from_db
    return self.model.objects.get(
           ^^^^^^^^^^^^^^^^^^^^^^^
  File "/usr/local/lib/python3.12/site-packages/django/db/models/manager.py", line 87, in manager_method
    return getattr(self.get_queryset(), name)(*args, **kwargs)
           ^^^^^^^^^^^^^^^^^^^^^^^^^^^^^^^^^^^^^^^^^^^^^^^^^^^
  File "/usr/local/lib/python3.12/site-packages/django/db/models/query.py", line 635, in get
    num = len(clone)
          ^^^^^^^^^^
  File "/usr/local/lib/python3.12/site-packages/django/db/models/query.py", line 372, in __len__
    self._fetch_all()
  File "/usr/local/lib/python3.12/site-packages/django/db/models/query.py", line 2000, in _fetch_all
    self._result_cache = list(self._iterable_class(self))
                         ^^^^^^^^^^^^^^^^^^^^^^^^^^^^^^^^
  File "/usr/local/lib/python3.12/site-packages/django/db/models/query.py", line 95, in __iter__
    results = compiler.execute_sql(
              ^^^^^^^^^^^^^^^^^^^^^
  File "/usr/local/lib/python3.12/site-packages/django/db/models/sql/compiler.py", line 1624, in execute_sql
    cursor.execute(sql, params)
  File "/usr/local/lib/python3.12/site-packages/django/db/backends/utils.py", line 122, in execute
    return super().execute(sql, params)
           ^^^^^^^^^^^^^^^^^^^^^^^^^^^^
  File "/usr/local/lib/python3.12/site-packages/django/db/backends/utils.py", line 79, in execute
    return self._execute_with_wrappers(
           ^^^^^^^^^^^^^^^^^^^^^^^^^^^^
  File "/usr/local/lib/python3.12/site-packages/django/db/backends/utils.py", line 92, in _execute_with_wrappers
    return executor(sql, params, many, context)
           ^^^^^^^^^^^^^^^^^^^^^^^^^^^^^^^^^^^^
  File "/usr/local/lib/python3.12/site-packages/django/db/backends/utils.py", line 100, in _execute
    with self.db.wrap_database_errors:
         ^^^^^^^^^^^^^^^^^^^^^^^^^^^^
  File "/usr/local/lib/python3.12/site-packages/django/db/utils.py", line 94, in __exit__
    raise dj_exc_value.with_traceback(traceback) from exc_value
  File "/usr/local/lib/python3.12/site-packages/django/db/backends/utils.py", line 105, in _execute
    return self.cursor.execute(sql, params)
           ^^^^^^^^^^^^^^^^^^^^^^^^^^^^^^^^
  File "/usr/local/lib/python3.12/site-packages/psycopg/cursor.py", line 117, in execute
    raise ex.with_traceback(None)
django.db.utils.ProgrammingError: relation "django_session" does not exist
LINE 1: ...ession_data", "django_session"."expire_date" FROM "django_se...
                                                             ^
[18.08.2026 13:31:41] ERROR [django.server:249] "GET / HTTP/1.0" 500 271557
[18.08.2026 13:33:27] INFO [django.server:249] "GET / HTTP/1.0" 200 4508
[18.08.2026 13:42:41] INFO [django.server:249] "GET /services/ HTTP/1.0" 200 1756
[18.08.2026 13:42:42] INFO [django.server:249] "GET /masters/ HTTP/1.0" 200 1756
[18.08.2026 13:42:43] INFO [django.server:249] "GET /appointment/ HTTP/1.0" 200 8390
[18.08.2026 13:42:43] INFO [django.server:249] "GET /appointment/master-services/ HTTP/1.0" 200 2
[18.08.2026 13:44:52] INFO [django.server:249] "GET / HTTP/1.0" 200 4508
[18.08.2026 17:57:56] INFO [django.utils.autoreload:265] /app/config/urls.py changed, reloading.
[18.08.2026 17:57:58] INFO [django.utils.autoreload:681] Watching for file changes with StatReloader
[18.08.2026 17:58:50] INFO [django.utils.autoreload:265] /app/config/urls.py changed, reloading.
[18.08.2026 17:58:51] INFO [django.utils.autoreload:681] Watching for file changes with StatReloader
[18.08.2026 17:59:13] INFO [django.utils.autoreload:265] /app/config/urls.py changed, reloading.
[18.08.2026 17:59:14] INFO [django.utils.autoreload:681] Watching for file changes with StatReloader
[18.08.2026 18:00:18] INFO [django.server:249] "GET / HTTP/1.0" 200 4508
[18.08.2026 18:00:20] INFO [django.server:249] "GET / HTTP/1.0" 200 4508
[18.08.2026 18:00:20] INFO [django.server:249] "GET / HTTP/1.0" 200 4508
[18.08.2026 18:00:21] INFO [django.server:249] "GET / HTTP/1.0" 200 4508
[18.08.2026 18:00:21] INFO [django.server:249] "GET / HTTP/1.0" 200 4508
[18.08.2026 18:00:22] INFO [django.server:249] "GET / HTTP/1.0" 200 4508
[18.08.2026 18:04:55] INFO [django.utils.autoreload:681] Watching for file changes with StatReloader
[18.08.2026 18:04:58] INFO [django.server:249] "GET / HTTP/1.0" 200 4508
[18.08.2026 18:04:59] INFO [django.server:249] "GET / HTTP/1.0" 200 4508
[18.08.2026 18:04:59] INFO [django.server:249] "GET / HTTP/1.0" 200 4508
[18.08.2026 18:05:04] INFO [django.server:249] "GET / HTTP/1.0" 200 4508
[18.08.2026 18:05:05] INFO [django.server:249] "GET / HTTP/1.0" 200 4508
[18.08.2026 18:05:06] INFO [django.server:249] "GET / HTTP/1.0" 200 4508
[18.08.2026 18:05:06] INFO [django.server:249] "GET / HTTP/1.0" 200 4508
[18.08.2026 18:05:06] INFO [django.server:249] "GET / HTTP/1.0" 200 4508
[18.08.2026 18:05:06] INFO [django.server:249] "GET / HTTP/1.0" 200 4508
[18.08.2026 18:05:07] INFO [django.server:249] "GET / HTTP/1.0" 200 4508
[18.08.2026 18:05:07] INFO [django.server:249] "GET / HTTP/1.0" 200 4508
[18.08.2026 18:05:10] INFO [django.server:249] "GET /services/ HTTP/1.0" 200 1756
[18.08.2026 18:05:11] INFO [django.server:249] "GET /masters/ HTTP/1.0" 200 1756
[18.08.2026 18:05:13] INFO [django.server:249] "GET /appointment/ HTTP/1.0" 200 8390
[18.08.2026 18:05:13] INFO [django.server:249] "GET /appointment/master-services/ HTTP/1.0" 200 2
[18.08.2026 18:08:22] INFO [django.utils.autoreload:265] /app/appoinments/views.py changed, reloading.
[18.08.2026 18:08:24] INFO [django.utils.autoreload:681] Watching for file changes with StatReloader
[18.08.2026 18:08:26] INFO [django.utils.autoreload:265] /app/appoinments/views.py changed, reloading.
[18.08.2026 18:08:27] INFO [django.utils.autoreload:681] Watching for file changes with StatReloader
[18.08.2026 18:08:31] INFO [django.utils.autoreload:265] /app/appoinments/views.py changed, reloading.
[18.08.2026 18:08:32] INFO [django.utils.autoreload:681] Watching for file changes with StatReloader
[18.08.2026 18:08:38] INFO [django.utils.autoreload:265] /app/appoinments/views.py changed, reloading.
[18.08.2026 18:08:39] INFO [django.utils.autoreload:681] Watching for file changes with StatReloader
[18.08.2026 18:08:43] INFO [django.utils.autoreload:265] /app/appoinments/views.py changed, reloading.
[18.08.2026 18:08:44] INFO [django.utils.autoreload:681] Watching for file changes with StatReloader
[18.08.2026 18:08:50] INFO [django.utils.autoreload:265] /app/appoinments/views.py changed, reloading.
[18.08.2026 18:08:51] INFO [django.utils.autoreload:681] Watching for file changes with StatReloader
[18.08.2026 18:08:59] INFO [django.utils.autoreload:265] /app/appoinments/views.py changed, reloading.
[18.08.2026 18:09:00] INFO [django.utils.autoreload:681] Watching for file changes with StatReloader
[18.08.2026 18:14:26] INFO [django.utils.autoreload:265] /app/appoinments/models.py changed, reloading.
[18.08.2026 18:14:27] INFO [django.utils.autoreload:681] Watching for file changes with StatReloader
[18.08.2026 18:14:42] INFO [django.utils.autoreload:265] /app/appoinments/models.py changed, reloading.
[18.08.2026 18:14:43] INFO [django.utils.autoreload:681] Watching for file changes with StatReloader
[18.08.2026 18:14:45] INFO [django.utils.autoreload:265] /app/appoinments/models.py changed, reloading.
[18.08.2026 18:14:46] INFO [django.utils.autoreload:681] Watching for file changes with StatReloader
[18.08.2026 18:14:49] INFO [django.utils.autoreload:265] /app/appoinments/models.py changed, reloading.
[18.08.2026 18:14:50] INFO [django.utils.autoreload:681] Watching for file changes with StatReloader
[18.08.2026 18:15:02] INFO [django.utils.autoreload:265] /app/appoinments/models.py changed, reloading.
[18.08.2026 18:15:03] INFO [django.utils.autoreload:681] Watching for file changes with StatReloader
[18.08.2026 18:15:15] INFO [django.utils.autoreload:265] /app/appoinments/models.py changed, reloading.
[18.08.2026 18:15:16] INFO [django.utils.autoreload:681] Watching for file changes with StatReloader
[18.08.2026 18:15:18] INFO [django.utils.autoreload:265] /app/appoinments/models.py changed, reloading.
[18.08.2026 18:15:19] INFO [django.utils.autoreload:681] Watching for file changes with StatReloader
[18.08.2026 18:15:20] INFO [django.utils.autoreload:265] /app/appoinments/models.py changed, reloading.
[18.08.2026 18:15:21] INFO [django.utils.autoreload:681] Watching for file changes with StatReloader
[18.08.2026 18:15:23] INFO [django.utils.autoreload:265] /app/appoinments/models.py changed, reloading.
[18.08.2026 18:15:24] INFO [django.utils.autoreload:681] Watching for file changes with StatReloader
[18.08.2026 18:15:26] INFO [django.utils.autoreload:265] /app/appoinments/models.py changed, reloading.
[18.08.2026 18:15:27] INFO [django.utils.autoreload:681] Watching for file changes with StatReloader
[18.08.2026 18:15:50] INFO [django.utils.autoreload:265] /app/appoinments/models.py changed, reloading.
[18.08.2026 18:15:51] INFO [django.utils.autoreload:681] Watching for file changes with StatReloader
[18.08.2026 18:15:53] INFO [django.utils.autoreload:265] /app/appoinments/models.py changed, reloading.
[18.08.2026 18:15:54] INFO [django.utils.autoreload:681] Watching for file changes with StatReloader
[18.08.2026 18:17:35] INFO [django.utils.autoreload:265] /app/masters/models.py changed, reloading.
[18.08.2026 18:17:37] INFO [django.utils.autoreload:681] Watching for file changes with StatReloader
[18.08.2026 18:17:39] INFO [django.utils.autoreload:265] /app/masters/models.py changed, reloading.
[18.08.2026 18:17:39] INFO [django.utils.autoreload:681] Watching for file changes with StatReloader
[18.08.2026 18:17:42] INFO [django.utils.autoreload:265] /app/masters/models.py changed, reloading.
[18.08.2026 18:17:43] INFO [django.utils.autoreload:681] Watching for file changes with StatReloader
[18.08.2026 18:17:44] INFO [django.utils.autoreload:265] /app/masters/models.py changed, reloading.
[18.08.2026 18:17:45] INFO [django.utils.autoreload:681] Watching for file changes with StatReloader
[18.08.2026 18:17:56] INFO [django.utils.autoreload:265] /app/masters/models.py changed, reloading.
[18.08.2026 18:17:57] INFO [django.utils.autoreload:681] Watching for file changes with StatReloader
[18.08.2026 18:18:00] INFO [django.utils.autoreload:265] /app/masters/models.py changed, reloading.
[18.08.2026 18:18:01] INFO [django.utils.autoreload:681] Watching for file changes with StatReloader
[18.08.2026 18:18:06] INFO [django.utils.autoreload:265] /app/masters/models.py changed, reloading.
[18.08.2026 18:18:06] INFO [django.utils.autoreload:681] Watching for file changes with StatReloader
[18.08.2026 18:18:09] INFO [django.utils.autoreload:265] /app/masters/models.py changed, reloading.
[18.08.2026 18:18:09] INFO [django.utils.autoreload:681] Watching for file changes with StatReloader
[18.08.2026 18:18:32] INFO [django.utils.autoreload:265] /app/masters/models.py changed, reloading.
[18.08.2026 18:18:32] INFO [django.utils.autoreload:681] Watching for file changes with StatReloader
[18.08.2026 18:18:34] INFO [django.utils.autoreload:265] /app/masters/models.py changed, reloading.
[18.08.2026 18:18:34] INFO [django.utils.autoreload:681] Watching for file changes with StatReloader
[18.08.2026 18:18:38] INFO [django.utils.autoreload:265] /app/masters/models.py changed, reloading.
[18.08.2026 18:18:39] INFO [django.utils.autoreload:681] Watching for file changes with StatReloader
[18.08.2026 18:18:40] INFO [django.utils.autoreload:265] /app/masters/models.py changed, reloading.
[18.08.2026 18:18:41] INFO [django.utils.autoreload:681] Watching for file changes with StatReloader
[18.08.2026 18:18:47] INFO [django.utils.autoreload:265] /app/masters/models.py changed, reloading.
[18.08.2026 18:18:48] INFO [django.utils.autoreload:681] Watching for file changes with StatReloader
[18.08.2026 18:18:50] INFO [django.utils.autoreload:265] /app/masters/models.py changed, reloading.
[18.08.2026 18:18:51] INFO [django.utils.autoreload:681] Watching for file changes with StatReloader
[18.08.2026 18:18:55] INFO [django.utils.autoreload:265] /app/masters/models.py changed, reloading.
[18.08.2026 18:18:55] INFO [django.utils.autoreload:681] Watching for file changes with StatReloader
[18.08.2026 18:18:59] INFO [django.utils.autoreload:265] /app/masters/models.py changed, reloading.
[18.08.2026 18:19:00] INFO [django.utils.autoreload:681] Watching for file changes with StatReloader
[18.08.2026 18:19:02] INFO [django.utils.autoreload:265] /app/masters/models.py changed, reloading.
[18.08.2026 18:19:02] INFO [django.utils.autoreload:681] Watching for file changes with StatReloader
[18.08.2026 18:19:12] INFO [django.utils.autoreload:265] /app/masters/models.py changed, reloading.
[18.08.2026 18:19:13] INFO [django.utils.autoreload:681] Watching for file changes with StatReloader
[18.08.2026 18:19:15] INFO [django.utils.autoreload:265] /app/masters/models.py changed, reloading.
[18.08.2026 18:19:16] INFO [django.utils.autoreload:681] Watching for file changes with StatReloader
[18.08.2026 18:19:19] INFO [django.utils.autoreload:265] /app/masters/models.py changed, reloading.
[18.08.2026 18:19:20] INFO [django.utils.autoreload:681] Watching for file changes with StatReloader
[18.08.2026 18:19:21] INFO [django.utils.autoreload:265] /app/masters/models.py changed, reloading.
[18.08.2026 18:19:22] INFO [django.utils.autoreload:681] Watching for file changes with StatReloader
[18.08.2026 18:19:23] INFO [django.utils.autoreload:265] /app/masters/models.py changed, reloading.
[18.08.2026 18:19:24] INFO [django.utils.autoreload:681] Watching for file changes with StatReloader
[18.08.2026 18:19:27] INFO [django.utils.autoreload:265] /app/masters/models.py changed, reloading.
[18.08.2026 18:19:28] INFO [django.utils.autoreload:681] Watching for file changes with StatReloader
[18.08.2026 18:19:29] INFO [django.utils.autoreload:265] /app/masters/models.py changed, reloading.
[18.08.2026 18:19:30] INFO [django.utils.autoreload:681] Watching for file changes with StatReloader
[18.08.2026 18:19:34] INFO [django.utils.autoreload:265] /app/masters/models.py changed, reloading.
[18.08.2026 18:19:34] INFO [django.utils.autoreload:681] Watching for file changes with StatReloader
[18.08.2026 18:19:43] INFO [django.utils.autoreload:265] /app/masters/models.py changed, reloading.
[18.08.2026 18:19:44] INFO [django.utils.autoreload:681] Watching for file changes with StatReloader
[18.08.2026 18:20:02] INFO [django.utils.autoreload:265] /app/masters/models.py changed, reloading.
[18.08.2026 18:20:03] INFO [django.utils.autoreload:681] Watching for file changes with StatReloader
[18.08.2026 18:23:29] INFO [django.utils.autoreload:265] /app/masters/models.py changed, reloading.
[18.08.2026 18:23:31] INFO [django.utils.autoreload:681] Watching for file changes with StatReloader
[18.08.2026 18:24:23] INFO [django.utils.autoreload:681] Watching for file changes with StatReloader
[18.08.2026 18:28:12] INFO [django.utils.autoreload:265] /app/masters/views.py changed, reloading.
[18.08.2026 18:28:13] INFO [django.utils.autoreload:681] Watching for file changes with StatReloader
[18.08.2026 18:28:18] INFO [django.utils.autoreload:265] /app/masters/views.py changed, reloading.
[18.08.2026 18:28:19] INFO [django.utils.autoreload:681] Watching for file changes with StatReloader
[18.08.2026 18:28:33] INFO [django.utils.autoreload:265] /app/masters/views.py changed, reloading.
[18.08.2026 18:28:34] INFO [django.utils.autoreload:681] Watching for file changes with StatReloader
[18.08.2026 18:28:36] INFO [django.utils.autoreload:265] /app/masters/views.py changed, reloading.
[18.08.2026 18:28:37] INFO [django.utils.autoreload:681] Watching for file changes with StatReloader
[18.08.2026 18:28:41] INFO [django.utils.autoreload:265] /app/masters/views.py changed, reloading.
[18.08.2026 18:28:42] INFO [django.utils.autoreload:681] Watching for file changes with StatReloader
[18.08.2026 18:28:46] INFO [django.utils.autoreload:265] /app/masters/views.py changed, reloading.
[18.08.2026 18:28:47] INFO [django.utils.autoreload:681] Watching for file changes with StatReloader
[18.08.2026 18:28:49] INFO [django.utils.autoreload:265] /app/masters/views.py changed, reloading.
[18.08.2026 18:28:50] INFO [django.utils.autoreload:681] Watching for file changes with StatReloader
[18.08.2026 18:30:13] INFO [django.utils.autoreload:681] Watching for file changes with StatReloader
[18.08.2026 18:30:22] INFO [django.server:249] "GET / HTTP/1.0" 200 4508
[18.08.2026 18:30:23] INFO [django.server:249] "GET / HTTP/1.0" 200 4508
[18.08.2026 18:30:23] INFO [django.server:249] "GET / HTTP/1.0" 200 4508
[18.08.2026 18:30:23] INFO [django.server:249] "GET / HTTP/1.0" 200 4508
[18.08.2026 18:30:24] INFO [django.server:249] "GET / HTTP/1.0" 200 4508
[18.08.2026 18:30:24] INFO [django.server:249] "GET / HTTP/1.0" 200 4508
[18.08.2026 18:30:24] INFO [django.server:249] "GET / HTTP/1.0" 200 4508
[18.08.2026 18:30:26] INFO [django.server:249] "GET /services/ HTTP/1.0" 200 1756
[18.08.2026 18:30:28] INFO [django.server:249] "GET /masters/ HTTP/1.0" 200 1756
[18.08.2026 18:30:29] INFO [django.server:249] "GET /appointment/ HTTP/1.0" 200 8390
[18.08.2026 18:30:29] INFO [django.server:249] "GET /appointment/master-services/ HTTP/1.0" 200 2
[18.08.2026 20:12:37] INFO [django.server:249] "GET / HTTP/1.0" 200 4508
[18.08.2026 20:36:04] INFO [django.server:249] "GET / HTTP/1.0" 200 4508
[18.08.2026 20:36:05] INFO [django.server:249] "GET / HTTP/1.0" 200 4508
[18.08.2026 20:36:05] INFO [django.server:249] "GET / HTTP/1.0" 200 4508
[18.08.2026 20:36:05] INFO [django.server:249] "GET / HTTP/1.0" 200 4508
[18.08.2026 20:36:06] INFO [django.server:249] "GET / HTTP/1.0" 200 4508
[18.08.2026 20:36:06] INFO [django.server:249] "GET / HTTP/1.0" 200 4508
[20.08.2026 13:58:28] INFO [django.utils.autoreload:681] Watching for file changes with StatReloader
[20.08.2026 13:58:39] ERROR [django.request:249] Internal Server Error: /
Traceback (most recent call last):
  File "/usr/local/lib/python3.12/site-packages/django/template/base.py", line 577, in parse
    compile_func = self.tags[command]
                   ~~~~~~~~~^^^^^^^^^
KeyError: 'static'

During handling of the above exception, another exception occurred:

Traceback (most recent call last):
  File "/usr/local/lib/python3.12/site-packages/django/core/handlers/exception.py", line 55, in inner
    response = get_response(request)
               ^^^^^^^^^^^^^^^^^^^^^
  File "/usr/local/lib/python3.12/site-packages/django/core/handlers/base.py", line 198, in _get_response
    response = wrapped_callback(request, *callback_args, **callback_kwargs)
               ^^^^^^^^^^^^^^^^^^^^^^^^^^^^^^^^^^^^^^^^^^^^^^^^^^^^^^^^^^^^
  File "/usr/local/lib/python3.12/site-packages/django/utils/decorators.py", line 192, in _view_wrapper
    result = _process_exception(request, e)
             ^^^^^^^^^^^^^^^^^^^^^^^^^^^^^^
  File "/usr/local/lib/python3.12/site-packages/django/utils/decorators.py", line 190, in _view_wrapper
    response = view_func(request, *args, **kwargs)
               ^^^^^^^^^^^^^^^^^^^^^^^^^^^^^^^^^^^
  File "/app/core/views.py", line 12, in index
    return render(
          ^^^^^^^
  File "/usr/local/lib/python3.12/site-packages/django/shortcuts.py", line 25, in render
    content = loader.render_to_string(template_name, context, request, using=using)
              ^^^^^^^^^^^^^^^^^^^^^^^^^^^^^^^^^^^^^^^^^^^^^^^^^^^^^^^^^^^^^^^^^^^^^
  File "/usr/local/lib/python3.12/site-packages/django/template/loader.py", line 62, in render_to_string
    return template.render(context, request)
           ^^^^^^^^^^^^^^^^^^^^^^^^^^^^^^^^^
  File "/usr/local/lib/python3.12/site-packages/django/template/backends/django.py", line 107, in render
    return self.template.render(context)
           ^^^^^^^^^^^^^^^^^^^^^^^^^^^^^
  File "/usr/local/lib/python3.12/site-packages/django/template/base.py", line 174, in render
    return self._render(context)
           ^^^^^^^^^^^^^^^^^^^^^
  File "/usr/local/lib/python3.12/site-packages/django/template/base.py", line 166, in _render
    return self.nodelist.render(context)
           ^^^^^^^^^^^^^^^^^^^^^^^^^^^^^
  File "/usr/local/lib/python3.12/site-packages/django/template/base.py", line 1091, in render
    return SafeString("".join([node.render_annotated(context) for node in self]))
                               ^^^^^^^^^^^^^^^^^^^^^^^^^^^^^^
  File "/usr/local/lib/python3.12/site-packages/django/template/base.py", line 1052, in render_annotated
    return self.render(context)
           ^^^^^^^^^^^^^^^^^^^^
  File "/usr/local/lib/python3.12/site-packages/django/template/loader_tags.py", line 135, in render
    compiled_parent = self.get_parent(context)
                      ^^^^^^^^^^^^^^^^^^^^^^^^
  File "/usr/local/lib/python3.12/site-packages/django/template/loader_tags.py", line 132, in get_parent
    return self.find_template(parent, context)
           ^^^^^^^^^^^^^^^^^^^^^^^^^^^^^^^^^^^
  File "/usr/local/lib/python3.12/site-packages/django/template/loader_tags.py", line 110, in find_template
    template, origin = context.template.engine.find_template(
                       ^^^^^^^^^^^^^^^^^^^^^^^^^^^^^^^^^^^^^^
  File "/usr/local/lib/python3.12/site-packages/django/template/engine.py", line 159, in find_template
    template = loader.get_template(name, skip=skip)
               ^^^^^^^^^^^^^^^^^^^^^^^^^^^^^^^^^^^^
  File "/usr/local/lib/python3.12/site-packages/django/template/loaders/cached.py", line 57, in get_template
    template = super().get_template(template_name, skip)
               ^^^^^^^^^^^^^^^^^^^^^^^^^^^^^^^^^^^^^^^^^
  File "/usr/local/lib/python3.12/site-packages/django/template/loaders/base.py", line 28, in get_template
    return Template(
           ^^^^^^^^^
  File "/usr/local/lib/python3.12/site-packages/django/template/base.py", line 157, in __init__
    self.nodelist = self.compile_nodelist()
                    ^^^^^^^^^^^^^^^^^^^^^^^
  File "/usr/local/lib/python3.12/site-packages/django/template/base.py", line 199, in compile_nodelist
    nodelist = parser.parse()
               ^^^^^^^^^^^^^^
  File "/usr/local/lib/python3.12/site-packages/django/template/base.py", line 579, in parse
    self.invalid_block_tag(token, command, parse_until)
  File "/usr/local/lib/python3.12/site-packages/django/template/base.py", line 644, in invalid_block_tag
    raise self.error(
django.template.exceptions.TemplateSyntaxError: Template: /app/templates/base.html, Invalid block tag on line 4: 'static'. Did you forget to register or load this tag?
[20.08.2026 13:58:39] ERROR [django.server:249] "GET / HTTP/1.0" 500 183930
[20.08.2026 13:58:40] ERROR [django.request:249] Internal Server Error: /
Traceback (most recent call last):
  File "/usr/local/lib/python3.12/site-packages/django/template/base.py", line 577, in parse
    compile_func = self.tags[command]
                   ~~~~~~~~~^^^^^^^^^
KeyError: 'static'

During handling of the above exception, another exception occurred:

Traceback (most recent call last):
  File "/usr/local/lib/python3.12/site-packages/django/core/handlers/exception.py", line 55, in inner
    response = get_response(request)
               ^^^^^^^^^^^^^^^^^^^^^
  File "/usr/local/lib/python3.12/site-packages/django/core/handlers/base.py", line 198, in _get_response
    response = wrapped_callback(request, *callback_args, **callback_kwargs)
               ^^^^^^^^^^^^^^^^^^^^^^^^^^^^^^^^^^^^^^^^^^^^^^^^^^^^^^^^^^^^
  File "/usr/local/lib/python3.12/site-packages/django/utils/decorators.py", line 192, in _view_wrapper
    result = _process_exception(request, e)
             ^^^^^^^^^^^^^^^^^^^^^^^^^^^^^^
  File "/usr/local/lib/python3.12/site-packages/django/utils/decorators.py", line 190, in _view_wrapper
    response = view_func(request, *args, **kwargs)
               ^^^^^^^^^^^^^^^^^^^^^^^^^^^^^^^^^^^
  File "/app/core/views.py", line 12, in index
    return render(
          ^^^^^^^
  File "/usr/local/lib/python3.12/site-packages/django/shortcuts.py", line 25, in render
    content = loader.render_to_string(template_name, context, request, using=using)
              ^^^^^^^^^^^^^^^^^^^^^^^^^^^^^^^^^^^^^^^^^^^^^^^^^^^^^^^^^^^^^^^^^^^^^
  File "/usr/local/lib/python3.12/site-packages/django/template/loader.py", line 62, in render_to_string
    return template.render(context, request)
           ^^^^^^^^^^^^^^^^^^^^^^^^^^^^^^^^^
  File "/usr/local/lib/python3.12/site-packages/django/template/backends/django.py", line 107, in render
    return self.template.render(context)
           ^^^^^^^^^^^^^^^^^^^^^^^^^^^^^
  File "/usr/local/lib/python3.12/site-packages/django/template/base.py", line 174, in render
    return self._render(context)
           ^^^^^^^^^^^^^^^^^^^^^
  File "/usr/local/lib/python3.12/site-packages/django/template/base.py", line 166, in _render
    return self.nodelist.render(context)
           ^^^^^^^^^^^^^^^^^^^^^^^^^^^^^
  File "/usr/local/lib/python3.12/site-packages/django/template/base.py", line 1091, in render
    return SafeString("".join([node.render_annotated(context) for node in self]))
                               ^^^^^^^^^^^^^^^^^^^^^^^^^^^^^^
  File "/usr/local/lib/python3.12/site-packages/django/template/base.py", line 1052, in render_annotated
    return self.render(context)
           ^^^^^^^^^^^^^^^^^^^^
  File "/usr/local/lib/python3.12/site-packages/django/template/loader_tags.py", line 135, in render
    compiled_parent = self.get_parent(context)
                      ^^^^^^^^^^^^^^^^^^^^^^^^
  File "/usr/local/lib/python3.12/site-packages/django/template/loader_tags.py", line 132, in get_parent
    return self.find_template(parent, context)
           ^^^^^^^^^^^^^^^^^^^^^^^^^^^^^^^^^^^
  File "/usr/local/lib/python3.12/site-packages/django/template/loader_tags.py", line 110, in find_template
    template, origin = context.template.engine.find_template(
                       ^^^^^^^^^^^^^^^^^^^^^^^^^^^^^^^^^^^^^^
  File "/usr/local/lib/python3.12/site-packages/django/template/engine.py", line 159, in find_template
    template = loader.get_template(name, skip=skip)
               ^^^^^^^^^^^^^^^^^^^^^^^^^^^^^^^^^^^^
  File "/usr/local/lib/python3.12/site-packages/django/template/loaders/cached.py", line 57, in get_template
    template = super().get_template(template_name, skip)
               ^^^^^^^^^^^^^^^^^^^^^^^^^^^^^^^^^^^^^^^^^
  File "/usr/local/lib/python3.12/site-packages/django/template/loaders/base.py", line 28, in get_template
    return Template(
           ^^^^^^^^^
  File "/usr/local/lib/python3.12/site-packages/django/template/base.py", line 157, in __init__
    self.nodelist = self.compile_nodelist()
                    ^^^^^^^^^^^^^^^^^^^^^^^
  File "/usr/local/lib/python3.12/site-packages/django/template/base.py", line 199, in compile_nodelist
    nodelist = parser.parse()
               ^^^^^^^^^^^^^^
  File "/usr/local/lib/python3.12/site-packages/django/template/base.py", line 579, in parse
    self.invalid_block_tag(token, command, parse_until)
  File "/usr/local/lib/python3.12/site-packages/django/template/base.py", line 644, in invalid_block_tag
    raise self.error(
django.template.exceptions.TemplateSyntaxError: Template: /app/templates/base.html, Invalid block tag on line 4: 'static'. Did you forget to register or load this tag?
[20.08.2026 13:58:40] ERROR [django.server:249] "GET / HTTP/1.0" 500 183786
[20.08.2026 13:58:40] WARNING [django.request:249] Not Found: /favicon.ico
[20.08.2026 13:58:40] WARNING [django.server:249] "GET /favicon.ico HTTP/1.0" 404 5513
[20.08.2026 14:00:41] ERROR [django.request:249] Internal Server Error: /
Traceback (most recent call last):
  File "/usr/local/lib/python3.12/site-packages/django/db/backends/utils.py", line 105, in _execute
    return self.cursor.execute(sql, params)
           ^^^^^^^^^^^^^^^^^^^^^^^^^^^^^^^^
  File "/usr/local/lib/python3.12/site-packages/psycopg/cursor.py", line 117, in execute
    raise ex.with_traceback(None)
psycopg.errors.UndefinedTable: relation "services_service" does not exist
LINE 1: ...vice"."price", "services_service"."duration" FROM "services_...
                                                             ^

The above exception was the direct cause of the following exception:

Traceback (most recent call last):
  File "/usr/local/lib/python3.12/site-packages/django/core/handlers/exception.py", line 55, in inner
    response = get_response(request)
               ^^^^^^^^^^^^^^^^^^^^^
  File "/usr/local/lib/python3.12/site-packages/django/core/handlers/base.py", line 198, in _get_response
    response = wrapped_callback(request, *callback_args, **callback_kwargs)
               ^^^^^^^^^^^^^^^^^^^^^^^^^^^^^^^^^^^^^^^^^^^^^^^^^^^^^^^^^^^^
  File "/usr/local/lib/python3.12/site-packages/django/utils/decorators.py", line 192, in _view_wrapper
    result = _process_exception(request, e)
             ^^^^^^^^^^^^^^^^^^^^^^^^^^^^^^
  File "/usr/local/lib/python3.12/site-packages/django/utils/decorators.py", line 190, in _view_wrapper
    response = view_func(request, *args, **kwargs)
               ^^^^^^^^^^^^^^^^^^^^^^^^^^^^^^^^^^^
  File "/app/core/views.py", line 12, in index
    return render(
          ^^^^^^^
  File "/usr/local/lib/python3.12/site-packages/django/shortcuts.py", line 25, in render
    content = loader.render_to_string(template_name, context, request, using=using)
              ^^^^^^^^^^^^^^^^^^^^^^^^^^^^^^^^^^^^^^^^^^^^^^^^^^^^^^^^^^^^^^^^^^^^^
  File "/usr/local/lib/python3.12/site-packages/django/template/loader.py", line 62, in render_to_string
    return template.render(context, request)
           ^^^^^^^^^^^^^^^^^^^^^^^^^^^^^^^^^
  File "/usr/local/lib/python3.12/site-packages/django/template/backends/django.py", line 107, in render
    return self.template.render(context)
           ^^^^^^^^^^^^^^^^^^^^^^^^^^^^^
  File "/usr/local/lib/python3.12/site-packages/django/template/base.py", line 174, in render
    return self._render(context)
           ^^^^^^^^^^^^^^^^^^^^^
  File "/usr/local/lib/python3.12/site-packages/django/template/base.py", line 166, in _render
    return self.nodelist.render(context)
           ^^^^^^^^^^^^^^^^^^^^^^^^^^^^^
  File "/usr/local/lib/python3.12/site-packages/django/template/base.py", line 1091, in render
    return SafeString("".join([node.render_annotated(context) for node in self]))
                               ^^^^^^^^^^^^^^^^^^^^^^^^^^^^^^
  File "/usr/local/lib/python3.12/site-packages/django/template/base.py", line 1052, in render_annotated
    return self.render(context)
           ^^^^^^^^^^^^^^^^^^^^
  File "/usr/local/lib/python3.12/site-packages/django/template/loader_tags.py", line 160, in render
    return compiled_parent._render(context)
           ^^^^^^^^^^^^^^^^^^^^^^^^^^^^^^^^
  File "/usr/local/lib/python3.12/site-packages/django/template/base.py", line 166, in _render
    return self.nodelist.render(context)
           ^^^^^^^^^^^^^^^^^^^^^^^^^^^^^
  File "/usr/local/lib/python3.12/site-packages/django/template/base.py", line 1091, in render
    return SafeString("".join([node.render_annotated(context) for node in self]))
                               ^^^^^^^^^^^^^^^^^^^^^^^^^^^^^^
  File "/usr/local/lib/python3.12/site-packages/django/template/base.py", line 1052, in render_annotated
    return self.render(context)
           ^^^^^^^^^^^^^^^^^^^^
  File "/usr/local/lib/python3.12/site-packages/django/template/loader_tags.py", line 66, in render
    result = block.nodelist.render(context)
             ^^^^^^^^^^^^^^^^^^^^^^^^^^^^^^
  File "/usr/local/lib/python3.12/site-packages/django/template/base.py", line 1091, in render
    return SafeString("".join([node.render_annotated(context) for node in self]))
                               ^^^^^^^^^^^^^^^^^^^^^^^^^^^^^^
  File "/usr/local/lib/python3.12/site-packages/django/template/base.py", line 1052, in render_annotated
    return self.render(context)
           ^^^^^^^^^^^^^^^^^^^^
  File "/usr/local/lib/python3.12/site-packages/django/template/defaulttags.py", line 202, in render
    len_values = len(values)
                 ^^^^^^^^^^^
  File "/usr/local/lib/python3.12/site-packages/django/db/models/query.py", line 372, in __len__
    self._fetch_all()
  File "/usr/local/lib/python3.12/site-packages/django/db/models/query.py", line 2000, in _fetch_all
    self._result_cache = list(self._iterable_class(self))
                         ^^^^^^^^^^^^^^^^^^^^^^^^^^^^^^^^
  File "/usr/local/lib/python3.12/site-packages/django/db/models/query.py", line 95, in __iter__
    results = compiler.execute_sql(
              ^^^^^^^^^^^^^^^^^^^^^
  File "/usr/local/lib/python3.12/site-packages/django/db/models/sql/compiler.py", line 1624, in execute_sql
    cursor.execute(sql, params)
  File "/usr/local/lib/python3.12/site-packages/django/db/backends/utils.py", line 122, in execute
    return super().execute(sql, params)
           ^^^^^^^^^^^^^^^^^^^^^^^^^^^^
  File "/usr/local/lib/python3.12/site-packages/django/db/backends/utils.py", line 79, in execute
    return self._execute_with_wrappers(
           ^^^^^^^^^^^^^^^^^^^^^^^^^^^^
  File "/usr/local/lib/python3.12/site-packages/django/db/backends/utils.py", line 92, in _execute_with_wrappers
    return executor(sql, params, many, context)
           ^^^^^^^^^^^^^^^^^^^^^^^^^^^^^^^^^^^^
  File "/usr/local/lib/python3.12/site-packages/django/db/backends/utils.py", line 100, in _execute
    with self.db.wrap_database_errors:
         ^^^^^^^^^^^^^^^^^^^^^^^^^^^^
  File "/usr/local/lib/python3.12/site-packages/django/db/utils.py", line 94, in __exit__
    raise dj_exc_value.with_traceback(traceback) from exc_value
  File "/usr/local/lib/python3.12/site-packages/django/db/backends/utils.py", line 105, in _execute
    return self.cursor.execute(sql, params)
           ^^^^^^^^^^^^^^^^^^^^^^^^^^^^^^^^
  File "/usr/local/lib/python3.12/site-packages/psycopg/cursor.py", line 117, in execute
    raise ex.with_traceback(None)
django.db.utils.ProgrammingError: relation "services_service" does not exist
LINE 1: ...vice"."price", "services_service"."duration" FROM "services_...
                                                             ^
[20.08.2026 14:00:41] ERROR [django.server:249] "GET / HTTP/1.0" 500 212280
[20.08.2026 14:00:42] ERROR [django.request:249] Internal Server Error: /
Traceback (most recent call last):
  File "/usr/local/lib/python3.12/site-packages/django/db/backends/utils.py", line 105, in _execute
    return self.cursor.execute(sql, params)
           ^^^^^^^^^^^^^^^^^^^^^^^^^^^^^^^^
  File "/usr/local/lib/python3.12/site-packages/psycopg/cursor.py", line 117, in execute
    raise ex.with_traceback(None)
psycopg.errors.UndefinedTable: relation "services_service" does not exist
LINE 1: ...vice"."price", "services_service"."duration" FROM "services_...
                                                             ^

The above exception was the direct cause of the following exception:

Traceback (most recent call last):
  File "/usr/local/lib/python3.12/site-packages/django/core/handlers/exception.py", line 55, in inner
    response = get_response(request)
               ^^^^^^^^^^^^^^^^^^^^^
  File "/usr/local/lib/python3.12/site-packages/django/core/handlers/base.py", line 198, in _get_response
    response = wrapped_callback(request, *callback_args, **callback_kwargs)
               ^^^^^^^^^^^^^^^^^^^^^^^^^^^^^^^^^^^^^^^^^^^^^^^^^^^^^^^^^^^^
  File "/usr/local/lib/python3.12/site-packages/django/utils/decorators.py", line 192, in _view_wrapper
    result = _process_exception(request, e)
             ^^^^^^^^^^^^^^^^^^^^^^^^^^^^^^
  File "/usr/local/lib/python3.12/site-packages/django/utils/decorators.py", line 190, in _view_wrapper
    response = view_func(request, *args, **kwargs)
               ^^^^^^^^^^^^^^^^^^^^^^^^^^^^^^^^^^^
  File "/app/core/views.py", line 12, in index
    return render(
          ^^^^^^^
  File "/usr/local/lib/python3.12/site-packages/django/shortcuts.py", line 25, in render
    content = loader.render_to_string(template_name, context, request, using=using)
              ^^^^^^^^^^^^^^^^^^^^^^^^^^^^^^^^^^^^^^^^^^^^^^^^^^^^^^^^^^^^^^^^^^^^^
  File "/usr/local/lib/python3.12/site-packages/django/template/loader.py", line 62, in render_to_string
    return template.render(context, request)
           ^^^^^^^^^^^^^^^^^^^^^^^^^^^^^^^^^
  File "/usr/local/lib/python3.12/site-packages/django/template/backends/django.py", line 107, in render
    return self.template.render(context)
           ^^^^^^^^^^^^^^^^^^^^^^^^^^^^^
  File "/usr/local/lib/python3.12/site-packages/django/template/base.py", line 174, in render
    return self._render(context)
           ^^^^^^^^^^^^^^^^^^^^^
  File "/usr/local/lib/python3.12/site-packages/django/template/base.py", line 166, in _render
    return self.nodelist.render(context)
           ^^^^^^^^^^^^^^^^^^^^^^^^^^^^^
  File "/usr/local/lib/python3.12/site-packages/django/template/base.py", line 1091, in render
    return SafeString("".join([node.render_annotated(context) for node in self]))
                               ^^^^^^^^^^^^^^^^^^^^^^^^^^^^^^
  File "/usr/local/lib/python3.12/site-packages/django/template/base.py", line 1052, in render_annotated
    return self.render(context)
           ^^^^^^^^^^^^^^^^^^^^
  File "/usr/local/lib/python3.12/site-packages/django/template/loader_tags.py", line 160, in render
    return compiled_parent._render(context)
           ^^^^^^^^^^^^^^^^^^^^^^^^^^^^^^^^
  File "/usr/local/lib/python3.12/site-packages/django/template/base.py", line 166, in _render
    return self.nodelist.render(context)
           ^^^^^^^^^^^^^^^^^^^^^^^^^^^^^
  File "/usr/local/lib/python3.12/site-packages/django/template/base.py", line 1091, in render
    return SafeString("".join([node.render_annotated(context) for node in self]))
                               ^^^^^^^^^^^^^^^^^^^^^^^^^^^^^^
  File "/usr/local/lib/python3.12/site-packages/django/template/base.py", line 1052, in render_annotated
    return self.render(context)
           ^^^^^^^^^^^^^^^^^^^^
  File "/usr/local/lib/python3.12/site-packages/django/template/loader_tags.py", line 66, in render
    result = block.nodelist.render(context)
             ^^^^^^^^^^^^^^^^^^^^^^^^^^^^^^
  File "/usr/local/lib/python3.12/site-packages/django/template/base.py", line 1091, in render
    return SafeString("".join([node.render_annotated(context) for node in self]))
                               ^^^^^^^^^^^^^^^^^^^^^^^^^^^^^^
  File "/usr/local/lib/python3.12/site-packages/django/template/base.py", line 1052, in render_annotated
    return self.render(context)
           ^^^^^^^^^^^^^^^^^^^^
  File "/usr/local/lib/python3.12/site-packages/django/template/defaulttags.py", line 202, in render
    len_values = len(values)
                 ^^^^^^^^^^^
  File "/usr/local/lib/python3.12/site-packages/django/db/models/query.py", line 372, in __len__
    self._fetch_all()
  File "/usr/local/lib/python3.12/site-packages/django/db/models/query.py", line 2000, in _fetch_all
    self._result_cache = list(self._iterable_class(self))
                         ^^^^^^^^^^^^^^^^^^^^^^^^^^^^^^^^
  File "/usr/local/lib/python3.12/site-packages/django/db/models/query.py", line 95, in __iter__
    results = compiler.execute_sql(
              ^^^^^^^^^^^^^^^^^^^^^
  File "/usr/local/lib/python3.12/site-packages/django/db/models/sql/compiler.py", line 1624, in execute_sql
    cursor.execute(sql, params)
  File "/usr/local/lib/python3.12/site-packages/django/db/backends/utils.py", line 122, in execute
    return super().execute(sql, params)
           ^^^^^^^^^^^^^^^^^^^^^^^^^^^^
  File "/usr/local/lib/python3.12/site-packages/django/db/backends/utils.py", line 79, in execute
    return self._execute_with_wrappers(
           ^^^^^^^^^^^^^^^^^^^^^^^^^^^^
  File "/usr/local/lib/python3.12/site-packages/django/db/backends/utils.py", line 92, in _execute_with_wrappers
    return executor(sql, params, many, context)
           ^^^^^^^^^^^^^^^^^^^^^^^^^^^^^^^^^^^^
  File "/usr/local/lib/python3.12/site-packages/django/db/backends/utils.py", line 100, in _execute
    with self.db.wrap_database_errors:
         ^^^^^^^^^^^^^^^^^^^^^^^^^^^^
  File "/usr/local/lib/python3.12/site-packages/django/db/utils.py", line 94, in __exit__
    raise dj_exc_value.with_traceback(traceback) from exc_value
  File "/usr/local/lib/python3.12/site-packages/django/db/backends/utils.py", line 105, in _execute
    return self.cursor.execute(sql, params)
           ^^^^^^^^^^^^^^^^^^^^^^^^^^^^^^^^
  File "/usr/local/lib/python3.12/site-packages/psycopg/cursor.py", line 117, in execute
    raise ex.with_traceback(None)
django.db.utils.ProgrammingError: relation "services_service" does not exist
LINE 1: ...vice"."price", "services_service"."duration" FROM "services_...
                                                             ^
[20.08.2026 14:00:42] ERROR [django.server:249] "GET / HTTP/1.0" 500 212280
[20.08.2026 14:04:31] INFO [django.server:249] "GET / HTTP/1.0" 200 4584
[20.08.2026 14:04:37] INFO [django.server:249] "GET / HTTP/1.0" 200 4584
[20.08.2026 14:04:38] INFO [django.server:249] "GET / HTTP/1.0" 200 4584
[20.08.2026 14:04:39] INFO [django.server:249] "GET / HTTP/1.0" 200 4584
[20.08.2026 14:04:39] INFO [django.server:249] "GET / HTTP/1.0" 200 4584
[20.08.2026 14:07:20] INFO [django.server:249] "GET / HTTP/1.0" 200 4584
[20.08.2026 14:07:21] INFO [django.server:249] "GET / HTTP/1.0" 200 4584
[20.08.2026 14:07:21] INFO [django.server:249] "GET / HTTP/1.0" 200 4584
[20.08.2026 14:07:21] INFO [django.server:249] "GET / HTTP/1.0" 200 4584
[20.08.2026 14:07:22] INFO [django.server:249] "GET / HTTP/1.0" 200 4584
[20.08.2026 14:07:22] INFO [django.server:249] "GET / HTTP/1.0" 200 4584
[20.08.2026 14:12:05] INFO [django.server:249] "GET / HTTP/1.0" 200 4584
[20.08.2026 14:15:09] INFO [django.server:249] "GET / HTTP/1.0" 200 4584
[20.08.2026 14:15:13] INFO [django.server:249] "GET / HTTP/1.0" 200 4584
[20.08.2026 14:15:13] INFO [django.server:249] "GET / HTTP/1.0" 200 4584
[20.08.2026 14:15:14] INFO [django.server:249] "GET / HTTP/1.0" 200 4584
[20.08.2026 14:15:14] INFO [django.server:249] "GET / HTTP/1.0" 200 4584
[20.08.2026 14:15:14] INFO [django.server:249] "GET / HTTP/1.0" 200 4584
[20.08.2026 14:17:25] INFO [django.server:249] "GET / HTTP/1.0" 200 4584
[20.08.2026 14:20:08] INFO [django.server:249] "GET / HTTP/1.0" 200 4584
[20.08.2026 14:20:17] INFO [django.server:249] "GET / HTTP/1.0" 200 4584
[20.08.2026 14:20:21] INFO [django.server:249] "GET / HTTP/1.0" 200 4584
[20.08.2026 14:37:47] INFO [django.server:249] "GET / HTTP/1.0" 200 4584
[20.08.2026 14:37:47] INFO [django.server:249] "GET / HTTP/1.0" 200 4584
[20.08.2026 14:37:48] INFO [django.server:249] "GET / HTTP/1.0" 200 4584
[20.08.2026 14:37:48] INFO [django.server:249] "GET / HTTP/1.0" 200 4584
[20.08.2026 14:37:48] INFO [django.server:249] "GET / HTTP/1.0" 200 4584
[20.08.2026 14:37:50] INFO [django.server:249] "GET /appointment/ HTTP/1.0" 200 8625
[20.08.2026 14:38:22] INFO [django.server:249] "GET /appointment/ HTTP/1.0" 200 8625
[20.08.2026 14:38:32] INFO [django.server:249] "GET /masters/ HTTP/1.0" 200 1832
[20.08.2026 14:38:35] INFO [django.server:249] "GET /appointment/ HTTP/1.0" 200 8625
[31.08.2026 21:59:40] INFO [django.utils.autoreload:681] Watching for file changes with StatReloader
[31.08.2026 22:00:29] ERROR [django.request:249] Internal Server Error: /
Traceback (most recent call last):
  File "/usr/local/lib/python3.12/site-packages/django/core/handlers/exception.py", line 55, in inner
    response = get_response(request)
               ^^^^^^^^^^^^^^^^^^^^^
  File "/usr/local/lib/python3.12/site-packages/django/core/handlers/base.py", line 198, in _get_response
    response = wrapped_callback(request, *callback_args, **callback_kwargs)
               ^^^^^^^^^^^^^^^^^^^^^^^^^^^^^^^^^^^^^^^^^^^^^^^^^^^^^^^^^^^^
  File "/usr/local/lib/python3.12/site-packages/django/utils/decorators.py", line 192, in _view_wrapper
    result = _process_exception(request, e)
             ^^^^^^^^^^^^^^^^^^^^^^^^^^^^^^
  File "/usr/local/lib/python3.12/site-packages/django/utils/decorators.py", line 190, in _view_wrapper
    response = view_func(request, *args, **kwargs)
               ^^^^^^^^^^^^^^^^^^^^^^^^^^^^^^^^^^^
  File "/app/core/views.py", line 12, in index
    return render(
          ^^^^^^^
  File "/usr/local/lib/python3.12/site-packages/django/shortcuts.py", line 25, in render
    content = loader.render_to_string(template_name, context, request, using=using)
              ^^^^^^^^^^^^^^^^^^^^^^^^^^^^^^^^^^^^^^^^^^^^^^^^^^^^^^^^^^^^^^^^^^^^^
  File "/usr/local/lib/python3.12/site-packages/django/template/loader.py", line 62, in render_to_string
    return template.render(context, request)
           ^^^^^^^^^^^^^^^^^^^^^^^^^^^^^^^^^
  File "/usr/local/lib/python3.12/site-packages/django/template/backends/django.py", line 107, in render
    return self.template.render(context)
           ^^^^^^^^^^^^^^^^^^^^^^^^^^^^^
  File "/usr/local/lib/python3.12/site-packages/django/template/base.py", line 174, in render
    return self._render(context)
           ^^^^^^^^^^^^^^^^^^^^^
  File "/usr/local/lib/python3.12/site-packages/django/template/base.py", line 166, in _render
    return self.nodelist.render(context)
           ^^^^^^^^^^^^^^^^^^^^^^^^^^^^^
  File "/usr/local/lib/python3.12/site-packages/django/template/base.py", line 1091, in render
    return SafeString("".join([node.render_annotated(context) for node in self]))
                               ^^^^^^^^^^^^^^^^^^^^^^^^^^^^^^
  File "/usr/local/lib/python3.12/site-packages/django/template/base.py", line 1052, in render_annotated
    return self.render(context)
           ^^^^^^^^^^^^^^^^^^^^
  File "/usr/local/lib/python3.12/site-packages/django/template/loader_tags.py", line 160, in render
    return compiled_parent._render(context)
           ^^^^^^^^^^^^^^^^^^^^^^^^^^^^^^^^
  File "/usr/local/lib/python3.12/site-packages/django/template/base.py", line 166, in _render
    return self.nodelist.render(context)
           ^^^^^^^^^^^^^^^^^^^^^^^^^^^^^
  File "/usr/local/lib/python3.12/site-packages/django/template/base.py", line 1091, in render
    return SafeString("".join([node.render_annotated(context) for node in self]))
                               ^^^^^^^^^^^^^^^^^^^^^^^^^^^^^^
  File "/usr/local/lib/python3.12/site-packages/django/template/base.py", line 1052, in render_annotated
    return self.render(context)
           ^^^^^^^^^^^^^^^^^^^^
  File "/usr/local/lib/python3.12/site-packages/django/template/defaulttags.py", line 511, in render
    url = reverse(view_name, args=args, kwargs=kwargs, current_app=current_app)
          ^^^^^^^^^^^^^^^^^^^^^^^^^^^^^^^^^^^^^^^^^^^^^^^^^^^^^^^^^^^^^^^^^^^^^
  File "/usr/local/lib/python3.12/site-packages/django/urls/base.py", line 98, in reverse
    resolved_url = resolver._reverse_with_prefix(view, prefix, *args, **kwargs)
                   ^^^^^^^^^^^^^^^^^^^^^^^^^^^^^^^^^^^^^^^^^^^^^^^^^^^^^^^^^^^^
  File "/usr/local/lib/python3.12/site-packages/django/urls/resolvers.py", line 842, in _reverse_with_prefix
    raise NoReverseMatch(msg)
django.urls.exceptions.NoReverseMatch: Reverse for 'masters' not found. 'masters' is not a valid view function or pattern name.
[31.08.2026 22:00:29] ERROR [django.server:249] "GET / HTTP/1.0" 500 144537
[31.08.2026 22:00:29] WARNING [django.request:249] Not Found: /favicon.ico
[31.08.2026 22:00:29] WARNING [django.server:249] "GET /favicon.ico HTTP/1.0" 404 5513
[31.08.2026 22:00:30] ERROR [django.request:249] Internal Server Error: /
Traceback (most recent call last):
  File "/usr/local/lib/python3.12/site-packages/django/core/handlers/exception.py", line 55, in inner
    response = get_response(request)
               ^^^^^^^^^^^^^^^^^^^^^
  File "/usr/local/lib/python3.12/site-packages/django/core/handlers/base.py", line 198, in _get_response
    response = wrapped_callback(request, *callback_args, **callback_kwargs)
               ^^^^^^^^^^^^^^^^^^^^^^^^^^^^^^^^^^^^^^^^^^^^^^^^^^^^^^^^^^^^
  File "/usr/local/lib/python3.12/site-packages/django/utils/decorators.py", line 192, in _view_wrapper
    result = _process_exception(request, e)
             ^^^^^^^^^^^^^^^^^^^^^^^^^^^^^^
  File "/usr/local/lib/python3.12/site-packages/django/utils/decorators.py", line 190, in _view_wrapper
    response = view_func(request, *args, **kwargs)
               ^^^^^^^^^^^^^^^^^^^^^^^^^^^^^^^^^^^
  File "/app/core/views.py", line 12, in index
    return render(
          ^^^^^^^
  File "/usr/local/lib/python3.12/site-packages/django/shortcuts.py", line 25, in render
    content = loader.render_to_string(template_name, context, request, using=using)
              ^^^^^^^^^^^^^^^^^^^^^^^^^^^^^^^^^^^^^^^^^^^^^^^^^^^^^^^^^^^^^^^^^^^^^
  File "/usr/local/lib/python3.12/site-packages/django/template/loader.py", line 62, in render_to_string
    return template.render(context, request)
           ^^^^^^^^^^^^^^^^^^^^^^^^^^^^^^^^^
  File "/usr/local/lib/python3.12/site-packages/django/template/backends/django.py", line 107, in render
    return self.template.render(context)
           ^^^^^^^^^^^^^^^^^^^^^^^^^^^^^
  File "/usr/local/lib/python3.12/site-packages/django/template/base.py", line 174, in render
    return self._render(context)
           ^^^^^^^^^^^^^^^^^^^^^
  File "/usr/local/lib/python3.12/site-packages/django/template/base.py", line 166, in _render
    return self.nodelist.render(context)
           ^^^^^^^^^^^^^^^^^^^^^^^^^^^^^
  File "/usr/local/lib/python3.12/site-packages/django/template/base.py", line 1091, in render
    return SafeString("".join([node.render_annotated(context) for node in self]))
                               ^^^^^^^^^^^^^^^^^^^^^^^^^^^^^^
  File "/usr/local/lib/python3.12/site-packages/django/template/base.py", line 1052, in render_annotated
    return self.render(context)
           ^^^^^^^^^^^^^^^^^^^^
  File "/usr/local/lib/python3.12/site-packages/django/template/loader_tags.py", line 160, in render
    return compiled_parent._render(context)
           ^^^^^^^^^^^^^^^^^^^^^^^^^^^^^^^^
  File "/usr/local/lib/python3.12/site-packages/django/template/base.py", line 166, in _render
    return self.nodelist.render(context)
           ^^^^^^^^^^^^^^^^^^^^^^^^^^^^^
  File "/usr/local/lib/python3.12/site-packages/django/template/base.py", line 1091, in render
    return SafeString("".join([node.render_annotated(context) for node in self]))
                               ^^^^^^^^^^^^^^^^^^^^^^^^^^^^^^
  File "/usr/local/lib/python3.12/site-packages/django/template/base.py", line 1052, in render_annotated
    return self.render(context)
           ^^^^^^^^^^^^^^^^^^^^
  File "/usr/local/lib/python3.12/site-packages/django/template/defaulttags.py", line 511, in render
    url = reverse(view_name, args=args, kwargs=kwargs, current_app=current_app)
          ^^^^^^^^^^^^^^^^^^^^^^^^^^^^^^^^^^^^^^^^^^^^^^^^^^^^^^^^^^^^^^^^^^^^^
  File "/usr/local/lib/python3.12/site-packages/django/urls/base.py", line 98, in reverse
    resolved_url = resolver._reverse_with_prefix(view, prefix, *args, **kwargs)
                   ^^^^^^^^^^^^^^^^^^^^^^^^^^^^^^^^^^^^^^^^^^^^^^^^^^^^^^^^^^^^
  File "/usr/local/lib/python3.12/site-packages/django/urls/resolvers.py", line 842, in _reverse_with_prefix
    raise NoReverseMatch(msg)
django.urls.exceptions.NoReverseMatch: Reverse for 'masters' not found. 'masters' is not a valid view function or pattern name.
[31.08.2026 22:00:30] ERROR [django.server:249] "GET / HTTP/1.0" 500 144537
[31.08.2026 22:03:13] ERROR [django.request:249] Internal Server Error: /
Traceback (most recent call last):
  File "/usr/local/lib/python3.12/site-packages/django/core/handlers/exception.py", line 55, in inner
    response = get_response(request)
               ^^^^^^^^^^^^^^^^^^^^^
  File "/usr/local/lib/python3.12/site-packages/django/core/handlers/base.py", line 198, in _get_response
    response = wrapped_callback(request, *callback_args, **callback_kwargs)
               ^^^^^^^^^^^^^^^^^^^^^^^^^^^^^^^^^^^^^^^^^^^^^^^^^^^^^^^^^^^^
  File "/usr/local/lib/python3.12/site-packages/django/utils/decorators.py", line 192, in _view_wrapper
    result = _process_exception(request, e)
             ^^^^^^^^^^^^^^^^^^^^^^^^^^^^^^
  File "/usr/local/lib/python3.12/site-packages/django/utils/decorators.py", line 190, in _view_wrapper
    response = view_func(request, *args, **kwargs)
               ^^^^^^^^^^^^^^^^^^^^^^^^^^^^^^^^^^^
  File "/app/core/views.py", line 12, in index
    return render(
          ^^^^^^^
  File "/usr/local/lib/python3.12/site-packages/django/shortcuts.py", line 25, in render
    content = loader.render_to_string(template_name, context, request, using=using)
              ^^^^^^^^^^^^^^^^^^^^^^^^^^^^^^^^^^^^^^^^^^^^^^^^^^^^^^^^^^^^^^^^^^^^^
  File "/usr/local/lib/python3.12/site-packages/django/template/loader.py", line 62, in render_to_string
    return template.render(context, request)
           ^^^^^^^^^^^^^^^^^^^^^^^^^^^^^^^^^
  File "/usr/local/lib/python3.12/site-packages/django/template/backends/django.py", line 107, in render
    return self.template.render(context)
           ^^^^^^^^^^^^^^^^^^^^^^^^^^^^^
  File "/usr/local/lib/python3.12/site-packages/django/template/base.py", line 174, in render
    return self._render(context)
           ^^^^^^^^^^^^^^^^^^^^^
  File "/usr/local/lib/python3.12/site-packages/django/template/base.py", line 166, in _render
    return self.nodelist.render(context)
           ^^^^^^^^^^^^^^^^^^^^^^^^^^^^^
  File "/usr/local/lib/python3.12/site-packages/django/template/base.py", line 1091, in render
    return SafeString("".join([node.render_annotated(context) for node in self]))
                               ^^^^^^^^^^^^^^^^^^^^^^^^^^^^^^
  File "/usr/local/lib/python3.12/site-packages/django/template/base.py", line 1052, in render_annotated
    return self.render(context)
           ^^^^^^^^^^^^^^^^^^^^
  File "/usr/local/lib/python3.12/site-packages/django/template/loader_tags.py", line 160, in render
    return compiled_parent._render(context)
           ^^^^^^^^^^^^^^^^^^^^^^^^^^^^^^^^
  File "/usr/local/lib/python3.12/site-packages/django/template/base.py", line 166, in _render
    return self.nodelist.render(context)
           ^^^^^^^^^^^^^^^^^^^^^^^^^^^^^
  File "/usr/local/lib/python3.12/site-packages/django/template/base.py", line 1091, in render
    return SafeString("".join([node.render_annotated(context) for node in self]))
                               ^^^^^^^^^^^^^^^^^^^^^^^^^^^^^^
  File "/usr/local/lib/python3.12/site-packages/django/template/base.py", line 1052, in render_annotated
    return self.render(context)
           ^^^^^^^^^^^^^^^^^^^^
  File "/usr/local/lib/python3.12/site-packages/django/template/defaulttags.py", line 511, in render
    url = reverse(view_name, args=args, kwargs=kwargs, current_app=current_app)
          ^^^^^^^^^^^^^^^^^^^^^^^^^^^^^^^^^^^^^^^^^^^^^^^^^^^^^^^^^^^^^^^^^^^^^
  File "/usr/local/lib/python3.12/site-packages/django/urls/base.py", line 98, in reverse
    resolved_url = resolver._reverse_with_prefix(view, prefix, *args, **kwargs)
                   ^^^^^^^^^^^^^^^^^^^^^^^^^^^^^^^^^^^^^^^^^^^^^^^^^^^^^^^^^^^^
  File "/usr/local/lib/python3.12/site-packages/django/urls/resolvers.py", line 842, in _reverse_with_prefix
    raise NoReverseMatch(msg)
django.urls.exceptions.NoReverseMatch: Reverse for 'master' not found. 'master' is not a valid view function or pattern name.
[31.08.2026 22:03:13] ERROR [django.server:249] "GET / HTTP/1.0" 500 144513
[31.08.2026 22:03:14] ERROR [django.request:249] Internal Server Error: /
Traceback (most recent call last):
  File "/usr/local/lib/python3.12/site-packages/django/core/handlers/exception.py", line 55, in inner
    response = get_response(request)
               ^^^^^^^^^^^^^^^^^^^^^
  File "/usr/local/lib/python3.12/site-packages/django/core/handlers/base.py", line 198, in _get_response
    response = wrapped_callback(request, *callback_args, **callback_kwargs)
               ^^^^^^^^^^^^^^^^^^^^^^^^^^^^^^^^^^^^^^^^^^^^^^^^^^^^^^^^^^^^
  File "/usr/local/lib/python3.12/site-packages/django/utils/decorators.py", line 192, in _view_wrapper
    result = _process_exception(request, e)
             ^^^^^^^^^^^^^^^^^^^^^^^^^^^^^^
  File "/usr/local/lib/python3.12/site-packages/django/utils/decorators.py", line 190, in _view_wrapper
    response = view_func(request, *args, **kwargs)
               ^^^^^^^^^^^^^^^^^^^^^^^^^^^^^^^^^^^
  File "/app/core/views.py", line 12, in index
    return render(
          ^^^^^^^
  File "/usr/local/lib/python3.12/site-packages/django/shortcuts.py", line 25, in render
    content = loader.render_to_string(template_name, context, request, using=using)
              ^^^^^^^^^^^^^^^^^^^^^^^^^^^^^^^^^^^^^^^^^^^^^^^^^^^^^^^^^^^^^^^^^^^^^
  File "/usr/local/lib/python3.12/site-packages/django/template/loader.py", line 62, in render_to_string
    return template.render(context, request)
           ^^^^^^^^^^^^^^^^^^^^^^^^^^^^^^^^^
  File "/usr/local/lib/python3.12/site-packages/django/template/backends/django.py", line 107, in render
    return self.template.render(context)
           ^^^^^^^^^^^^^^^^^^^^^^^^^^^^^
  File "/usr/local/lib/python3.12/site-packages/django/template/base.py", line 174, in render
    return self._render(context)
           ^^^^^^^^^^^^^^^^^^^^^
  File "/usr/local/lib/python3.12/site-packages/django/template/base.py", line 166, in _render
    return self.nodelist.render(context)
           ^^^^^^^^^^^^^^^^^^^^^^^^^^^^^
  File "/usr/local/lib/python3.12/site-packages/django/template/base.py", line 1091, in render
    return SafeString("".join([node.render_annotated(context) for node in self]))
                               ^^^^^^^^^^^^^^^^^^^^^^^^^^^^^^
  File "/usr/local/lib/python3.12/site-packages/django/template/base.py", line 1052, in render_annotated
    return self.render(context)
           ^^^^^^^^^^^^^^^^^^^^
  File "/usr/local/lib/python3.12/site-packages/django/template/loader_tags.py", line 160, in render
    return compiled_parent._render(context)
           ^^^^^^^^^^^^^^^^^^^^^^^^^^^^^^^^
  File "/usr/local/lib/python3.12/site-packages/django/template/base.py", line 166, in _render
    return self.nodelist.render(context)
           ^^^^^^^^^^^^^^^^^^^^^^^^^^^^^
  File "/usr/local/lib/python3.12/site-packages/django/template/base.py", line 1091, in render
    return SafeString("".join([node.render_annotated(context) for node in self]))
                               ^^^^^^^^^^^^^^^^^^^^^^^^^^^^^^
  File "/usr/local/lib/python3.12/site-packages/django/template/base.py", line 1052, in render_annotated
    return self.render(context)
           ^^^^^^^^^^^^^^^^^^^^
  File "/usr/local/lib/python3.12/site-packages/django/template/defaulttags.py", line 511, in render
    url = reverse(view_name, args=args, kwargs=kwargs, current_app=current_app)
          ^^^^^^^^^^^^^^^^^^^^^^^^^^^^^^^^^^^^^^^^^^^^^^^^^^^^^^^^^^^^^^^^^^^^^
  File "/usr/local/lib/python3.12/site-packages/django/urls/base.py", line 98, in reverse
    resolved_url = resolver._reverse_with_prefix(view, prefix, *args, **kwargs)
                   ^^^^^^^^^^^^^^^^^^^^^^^^^^^^^^^^^^^^^^^^^^^^^^^^^^^^^^^^^^^^
  File "/usr/local/lib/python3.12/site-packages/django/urls/resolvers.py", line 842, in _reverse_with_prefix
    raise NoReverseMatch(msg)
django.urls.exceptions.NoReverseMatch: Reverse for 'master' not found. 'master' is not a valid view function or pattern name.
[31.08.2026 22:03:14] ERROR [django.server:249] "GET / HTTP/1.0" 500 144513
[31.08.2026 22:03:14] ERROR [django.request:249] Internal Server Error: /
Traceback (most recent call last):
  File "/usr/local/lib/python3.12/site-packages/django/core/handlers/exception.py", line 55, in inner
    response = get_response(request)
               ^^^^^^^^^^^^^^^^^^^^^
  File "/usr/local/lib/python3.12/site-packages/django/core/handlers/base.py", line 198, in _get_response
    response = wrapped_callback(request, *callback_args, **callback_kwargs)
               ^^^^^^^^^^^^^^^^^^^^^^^^^^^^^^^^^^^^^^^^^^^^^^^^^^^^^^^^^^^^
  File "/usr/local/lib/python3.12/site-packages/django/utils/decorators.py", line 192, in _view_wrapper
    result = _process_exception(request, e)
             ^^^^^^^^^^^^^^^^^^^^^^^^^^^^^^
  File "/usr/local/lib/python3.12/site-packages/django/utils/decorators.py", line 190, in _view_wrapper
    response = view_func(request, *args, **kwargs)
               ^^^^^^^^^^^^^^^^^^^^^^^^^^^^^^^^^^^
  File "/app/core/views.py", line 12, in index
    return render(
          ^^^^^^^
  File "/usr/local/lib/python3.12/site-packages/django/shortcuts.py", line 25, in render
    content = loader.render_to_string(template_name, context, request, using=using)
              ^^^^^^^^^^^^^^^^^^^^^^^^^^^^^^^^^^^^^^^^^^^^^^^^^^^^^^^^^^^^^^^^^^^^^
  File "/usr/local/lib/python3.12/site-packages/django/template/loader.py", line 62, in render_to_string
    return template.render(context, request)
           ^^^^^^^^^^^^^^^^^^^^^^^^^^^^^^^^^
  File "/usr/local/lib/python3.12/site-packages/django/template/backends/django.py", line 107, in render
    return self.template.render(context)
           ^^^^^^^^^^^^^^^^^^^^^^^^^^^^^
  File "/usr/local/lib/python3.12/site-packages/django/template/base.py", line 174, in render
    return self._render(context)
           ^^^^^^^^^^^^^^^^^^^^^
  File "/usr/local/lib/python3.12/site-packages/django/template/base.py", line 166, in _render
    return self.nodelist.render(context)
           ^^^^^^^^^^^^^^^^^^^^^^^^^^^^^
  File "/usr/local/lib/python3.12/site-packages/django/template/base.py", line 1091, in render
    return SafeString("".join([node.render_annotated(context) for node in self]))
                               ^^^^^^^^^^^^^^^^^^^^^^^^^^^^^^
  File "/usr/local/lib/python3.12/site-packages/django/template/base.py", line 1052, in render_annotated
    return self.render(context)
           ^^^^^^^^^^^^^^^^^^^^
  File "/usr/local/lib/python3.12/site-packages/django/template/loader_tags.py", line 160, in render
    return compiled_parent._render(context)
           ^^^^^^^^^^^^^^^^^^^^^^^^^^^^^^^^
  File "/usr/local/lib/python3.12/site-packages/django/template/base.py", line 166, in _render
    return self.nodelist.render(context)
           ^^^^^^^^^^^^^^^^^^^^^^^^^^^^^
  File "/usr/local/lib/python3.12/site-packages/django/template/base.py", line 1091, in render
    return SafeString("".join([node.render_annotated(context) for node in self]))
                               ^^^^^^^^^^^^^^^^^^^^^^^^^^^^^^
  File "/usr/local/lib/python3.12/site-packages/django/template/base.py", line 1052, in render_annotated
    return self.render(context)
           ^^^^^^^^^^^^^^^^^^^^
  File "/usr/local/lib/python3.12/site-packages/django/template/defaulttags.py", line 511, in render
    url = reverse(view_name, args=args, kwargs=kwargs, current_app=current_app)
          ^^^^^^^^^^^^^^^^^^^^^^^^^^^^^^^^^^^^^^^^^^^^^^^^^^^^^^^^^^^^^^^^^^^^^
  File "/usr/local/lib/python3.12/site-packages/django/urls/base.py", line 98, in reverse
    resolved_url = resolver._reverse_with_prefix(view, prefix, *args, **kwargs)
                   ^^^^^^^^^^^^^^^^^^^^^^^^^^^^^^^^^^^^^^^^^^^^^^^^^^^^^^^^^^^^
  File "/usr/local/lib/python3.12/site-packages/django/urls/resolvers.py", line 842, in _reverse_with_prefix
    raise NoReverseMatch(msg)
django.urls.exceptions.NoReverseMatch: Reverse for 'master' not found. 'master' is not a valid view function or pattern name.
[31.08.2026 22:03:14] ERROR [django.server:249] "GET / HTTP/1.0" 500 144513
[31.08.2026 22:03:15] ERROR [django.request:249] Internal Server Error: /
Traceback (most recent call last):
  File "/usr/local/lib/python3.12/site-packages/django/core/handlers/exception.py", line 55, in inner
    response = get_response(request)
               ^^^^^^^^^^^^^^^^^^^^^
  File "/usr/local/lib/python3.12/site-packages/django/core/handlers/base.py", line 198, in _get_response
    response = wrapped_callback(request, *callback_args, **callback_kwargs)
               ^^^^^^^^^^^^^^^^^^^^^^^^^^^^^^^^^^^^^^^^^^^^^^^^^^^^^^^^^^^^
  File "/usr/local/lib/python3.12/site-packages/django/utils/decorators.py", line 192, in _view_wrapper
    result = _process_exception(request, e)
             ^^^^^^^^^^^^^^^^^^^^^^^^^^^^^^
  File "/usr/local/lib/python3.12/site-packages/django/utils/decorators.py", line 190, in _view_wrapper
    response = view_func(request, *args, **kwargs)
               ^^^^^^^^^^^^^^^^^^^^^^^^^^^^^^^^^^^
  File "/app/core/views.py", line 12, in index
    return render(
          ^^^^^^^
  File "/usr/local/lib/python3.12/site-packages/django/shortcuts.py", line 25, in render
    content = loader.render_to_string(template_name, context, request, using=using)
              ^^^^^^^^^^^^^^^^^^^^^^^^^^^^^^^^^^^^^^^^^^^^^^^^^^^^^^^^^^^^^^^^^^^^^
  File "/usr/local/lib/python3.12/site-packages/django/template/loader.py", line 62, in render_to_string
    return template.render(context, request)
           ^^^^^^^^^^^^^^^^^^^^^^^^^^^^^^^^^
  File "/usr/local/lib/python3.12/site-packages/django/template/backends/django.py", line 107, in render
    return self.template.render(context)
           ^^^^^^^^^^^^^^^^^^^^^^^^^^^^^
  File "/usr/local/lib/python3.12/site-packages/django/template/base.py", line 174, in render
    return self._render(context)
           ^^^^^^^^^^^^^^^^^^^^^
  File "/usr/local/lib/python3.12/site-packages/django/template/base.py", line 166, in _render
    return self.nodelist.render(context)
           ^^^^^^^^^^^^^^^^^^^^^^^^^^^^^
  File "/usr/local/lib/python3.12/site-packages/django/template/base.py", line 1091, in render
    return SafeString("".join([node.render_annotated(context) for node in self]))
                               ^^^^^^^^^^^^^^^^^^^^^^^^^^^^^^
  File "/usr/local/lib/python3.12/site-packages/django/template/base.py", line 1052, in render_annotated
    return self.render(context)
           ^^^^^^^^^^^^^^^^^^^^
  File "/usr/local/lib/python3.12/site-packages/django/template/loader_tags.py", line 160, in render
    return compiled_parent._render(context)
           ^^^^^^^^^^^^^^^^^^^^^^^^^^^^^^^^
  File "/usr/local/lib/python3.12/site-packages/django/template/base.py", line 166, in _render
    return self.nodelist.render(context)
           ^^^^^^^^^^^^^^^^^^^^^^^^^^^^^
  File "/usr/local/lib/python3.12/site-packages/django/template/base.py", line 1091, in render
    return SafeString("".join([node.render_annotated(context) for node in self]))
                               ^^^^^^^^^^^^^^^^^^^^^^^^^^^^^^
  File "/usr/local/lib/python3.12/site-packages/django/template/base.py", line 1052, in render_annotated
    return self.render(context)
           ^^^^^^^^^^^^^^^^^^^^
  File "/usr/local/lib/python3.12/site-packages/django/template/defaulttags.py", line 511, in render
    url = reverse(view_name, args=args, kwargs=kwargs, current_app=current_app)
          ^^^^^^^^^^^^^^^^^^^^^^^^^^^^^^^^^^^^^^^^^^^^^^^^^^^^^^^^^^^^^^^^^^^^^
  File "/usr/local/lib/python3.12/site-packages/django/urls/base.py", line 98, in reverse
    resolved_url = resolver._reverse_with_prefix(view, prefix, *args, **kwargs)
                   ^^^^^^^^^^^^^^^^^^^^^^^^^^^^^^^^^^^^^^^^^^^^^^^^^^^^^^^^^^^^
  File "/usr/local/lib/python3.12/site-packages/django/urls/resolvers.py", line 842, in _reverse_with_prefix
    raise NoReverseMatch(msg)
django.urls.exceptions.NoReverseMatch: Reverse for 'master' not found. 'master' is not a valid view function or pattern name.
[31.08.2026 22:03:15] ERROR [django.server:249] "GET / HTTP/1.0" 500 144513
[31.08.2026 22:03:15] ERROR [django.request:249] Internal Server Error: /
Traceback (most recent call last):
  File "/usr/local/lib/python3.12/site-packages/django/core/handlers/exception.py", line 55, in inner
    response = get_response(request)
               ^^^^^^^^^^^^^^^^^^^^^
  File "/usr/local/lib/python3.12/site-packages/django/core/handlers/base.py", line 198, in _get_response
    response = wrapped_callback(request, *callback_args, **callback_kwargs)
               ^^^^^^^^^^^^^^^^^^^^^^^^^^^^^^^^^^^^^^^^^^^^^^^^^^^^^^^^^^^^
  File "/usr/local/lib/python3.12/site-packages/django/utils/decorators.py", line 192, in _view_wrapper
    result = _process_exception(request, e)
             ^^^^^^^^^^^^^^^^^^^^^^^^^^^^^^
  File "/usr/local/lib/python3.12/site-packages/django/utils/decorators.py", line 190, in _view_wrapper
    response = view_func(request, *args, **kwargs)
               ^^^^^^^^^^^^^^^^^^^^^^^^^^^^^^^^^^^
  File "/app/core/views.py", line 12, in index
    return render(
          ^^^^^^^
  File "/usr/local/lib/python3.12/site-packages/django/shortcuts.py", line 25, in render
    content = loader.render_to_string(template_name, context, request, using=using)
              ^^^^^^^^^^^^^^^^^^^^^^^^^^^^^^^^^^^^^^^^^^^^^^^^^^^^^^^^^^^^^^^^^^^^^
  File "/usr/local/lib/python3.12/site-packages/django/template/loader.py", line 62, in render_to_string
    return template.render(context, request)
           ^^^^^^^^^^^^^^^^^^^^^^^^^^^^^^^^^
  File "/usr/local/lib/python3.12/site-packages/django/template/backends/django.py", line 107, in render
    return self.template.render(context)
           ^^^^^^^^^^^^^^^^^^^^^^^^^^^^^
  File "/usr/local/lib/python3.12/site-packages/django/template/base.py", line 174, in render
    return self._render(context)
           ^^^^^^^^^^^^^^^^^^^^^
  File "/usr/local/lib/python3.12/site-packages/django/template/base.py", line 166, in _render
    return self.nodelist.render(context)
           ^^^^^^^^^^^^^^^^^^^^^^^^^^^^^
  File "/usr/local/lib/python3.12/site-packages/django/template/base.py", line 1091, in render
    return SafeString("".join([node.render_annotated(context) for node in self]))
                               ^^^^^^^^^^^^^^^^^^^^^^^^^^^^^^
  File "/usr/local/lib/python3.12/site-packages/django/template/base.py", line 1052, in render_annotated
    return self.render(context)
           ^^^^^^^^^^^^^^^^^^^^
  File "/usr/local/lib/python3.12/site-packages/django/template/loader_tags.py", line 160, in render
    return compiled_parent._render(context)
           ^^^^^^^^^^^^^^^^^^^^^^^^^^^^^^^^
  File "/usr/local/lib/python3.12/site-packages/django/template/base.py", line 166, in _render
    return self.nodelist.render(context)
           ^^^^^^^^^^^^^^^^^^^^^^^^^^^^^
  File "/usr/local/lib/python3.12/site-packages/django/template/base.py", line 1091, in render
    return SafeString("".join([node.render_annotated(context) for node in self]))
                               ^^^^^^^^^^^^^^^^^^^^^^^^^^^^^^
  File "/usr/local/lib/python3.12/site-packages/django/template/base.py", line 1052, in render_annotated
    return self.render(context)
           ^^^^^^^^^^^^^^^^^^^^
  File "/usr/local/lib/python3.12/site-packages/django/template/defaulttags.py", line 511, in render
    url = reverse(view_name, args=args, kwargs=kwargs, current_app=current_app)
          ^^^^^^^^^^^^^^^^^^^^^^^^^^^^^^^^^^^^^^^^^^^^^^^^^^^^^^^^^^^^^^^^^^^^^
  File "/usr/local/lib/python3.12/site-packages/django/urls/base.py", line 98, in reverse
    resolved_url = resolver._reverse_with_prefix(view, prefix, *args, **kwargs)
                   ^^^^^^^^^^^^^^^^^^^^^^^^^^^^^^^^^^^^^^^^^^^^^^^^^^^^^^^^^^^^
  File "/usr/local/lib/python3.12/site-packages/django/urls/resolvers.py", line 842, in _reverse_with_prefix
    raise NoReverseMatch(msg)
django.urls.exceptions.NoReverseMatch: Reverse for 'master' not found. 'master' is not a valid view function or pattern name.
[31.08.2026 22:03:15] ERROR [django.server:249] "GET / HTTP/1.0" 500 144513
[31.08.2026 22:03:15] ERROR [django.request:249] Internal Server Error: /
Traceback (most recent call last):
  File "/usr/local/lib/python3.12/site-packages/django/core/handlers/exception.py", line 55, in inner
    response = get_response(request)
               ^^^^^^^^^^^^^^^^^^^^^
  File "/usr/local/lib/python3.12/site-packages/django/core/handlers/base.py", line 198, in _get_response
    response = wrapped_callback(request, *callback_args, **callback_kwargs)
               ^^^^^^^^^^^^^^^^^^^^^^^^^^^^^^^^^^^^^^^^^^^^^^^^^^^^^^^^^^^^
  File "/usr/local/lib/python3.12/site-packages/django/utils/decorators.py", line 192, in _view_wrapper
    result = _process_exception(request, e)
             ^^^^^^^^^^^^^^^^^^^^^^^^^^^^^^
  File "/usr/local/lib/python3.12/site-packages/django/utils/decorators.py", line 190, in _view_wrapper
    response = view_func(request, *args, **kwargs)
               ^^^^^^^^^^^^^^^^^^^^^^^^^^^^^^^^^^^
  File "/app/core/views.py", line 12, in index
    return render(
          ^^^^^^^
  File "/usr/local/lib/python3.12/site-packages/django/shortcuts.py", line 25, in render
    content = loader.render_to_string(template_name, context, request, using=using)
              ^^^^^^^^^^^^^^^^^^^^^^^^^^^^^^^^^^^^^^^^^^^^^^^^^^^^^^^^^^^^^^^^^^^^^
  File "/usr/local/lib/python3.12/site-packages/django/template/loader.py", line 62, in render_to_string
    return template.render(context, request)
           ^^^^^^^^^^^^^^^^^^^^^^^^^^^^^^^^^
  File "/usr/local/lib/python3.12/site-packages/django/template/backends/django.py", line 107, in render
    return self.template.render(context)
           ^^^^^^^^^^^^^^^^^^^^^^^^^^^^^
  File "/usr/local/lib/python3.12/site-packages/django/template/base.py", line 174, in render
    return self._render(context)
           ^^^^^^^^^^^^^^^^^^^^^
  File "/usr/local/lib/python3.12/site-packages/django/template/base.py", line 166, in _render
    return self.nodelist.render(context)
           ^^^^^^^^^^^^^^^^^^^^^^^^^^^^^
  File "/usr/local/lib/python3.12/site-packages/django/template/base.py", line 1091, in render
    return SafeString("".join([node.render_annotated(context) for node in self]))
                               ^^^^^^^^^^^^^^^^^^^^^^^^^^^^^^
  File "/usr/local/lib/python3.12/site-packages/django/template/base.py", line 1052, in render_annotated
    return self.render(context)
           ^^^^^^^^^^^^^^^^^^^^
  File "/usr/local/lib/python3.12/site-packages/django/template/loader_tags.py", line 160, in render
    return compiled_parent._render(context)
           ^^^^^^^^^^^^^^^^^^^^^^^^^^^^^^^^
  File "/usr/local/lib/python3.12/site-packages/django/template/base.py", line 166, in _render
    return self.nodelist.render(context)
           ^^^^^^^^^^^^^^^^^^^^^^^^^^^^^
  File "/usr/local/lib/python3.12/site-packages/django/template/base.py", line 1091, in render
    return SafeString("".join([node.render_annotated(context) for node in self]))
                               ^^^^^^^^^^^^^^^^^^^^^^^^^^^^^^
  File "/usr/local/lib/python3.12/site-packages/django/template/base.py", line 1052, in render_annotated
    return self.render(context)
           ^^^^^^^^^^^^^^^^^^^^
  File "/usr/local/lib/python3.12/site-packages/django/template/defaulttags.py", line 511, in render
    url = reverse(view_name, args=args, kwargs=kwargs, current_app=current_app)
          ^^^^^^^^^^^^^^^^^^^^^^^^^^^^^^^^^^^^^^^^^^^^^^^^^^^^^^^^^^^^^^^^^^^^^
  File "/usr/local/lib/python3.12/site-packages/django/urls/base.py", line 98, in reverse
    resolved_url = resolver._reverse_with_prefix(view, prefix, *args, **kwargs)
                   ^^^^^^^^^^^^^^^^^^^^^^^^^^^^^^^^^^^^^^^^^^^^^^^^^^^^^^^^^^^^
  File "/usr/local/lib/python3.12/site-packages/django/urls/resolvers.py", line 842, in _reverse_with_prefix
    raise NoReverseMatch(msg)
django.urls.exceptions.NoReverseMatch: Reverse for 'master' not found. 'master' is not a valid view function or pattern name.
[31.08.2026 22:03:15] ERROR [django.server:249] "GET / HTTP/1.0" 500 144513
[31.08.2026 22:03:15] ERROR [django.request:249] Internal Server Error: /
Traceback (most recent call last):
  File "/usr/local/lib/python3.12/site-packages/django/core/handlers/exception.py", line 55, in inner
    response = get_response(request)
               ^^^^^^^^^^^^^^^^^^^^^
  File "/usr/local/lib/python3.12/site-packages/django/core/handlers/base.py", line 198, in _get_response
    response = wrapped_callback(request, *callback_args, **callback_kwargs)
               ^^^^^^^^^^^^^^^^^^^^^^^^^^^^^^^^^^^^^^^^^^^^^^^^^^^^^^^^^^^^
  File "/usr/local/lib/python3.12/site-packages/django/utils/decorators.py", line 192, in _view_wrapper
    result = _process_exception(request, e)
             ^^^^^^^^^^^^^^^^^^^^^^^^^^^^^^
  File "/usr/local/lib/python3.12/site-packages/django/utils/decorators.py", line 190, in _view_wrapper
    response = view_func(request, *args, **kwargs)
               ^^^^^^^^^^^^^^^^^^^^^^^^^^^^^^^^^^^
  File "/app/core/views.py", line 12, in index
    return render(
          ^^^^^^^
  File "/usr/local/lib/python3.12/site-packages/django/shortcuts.py", line 25, in render
    content = loader.render_to_string(template_name, context, request, using=using)
              ^^^^^^^^^^^^^^^^^^^^^^^^^^^^^^^^^^^^^^^^^^^^^^^^^^^^^^^^^^^^^^^^^^^^^
  File "/usr/local/lib/python3.12/site-packages/django/template/loader.py", line 62, in render_to_string
    return template.render(context, request)
           ^^^^^^^^^^^^^^^^^^^^^^^^^^^^^^^^^
  File "/usr/local/lib/python3.12/site-packages/django/template/backends/django.py", line 107, in render
    return self.template.render(context)
           ^^^^^^^^^^^^^^^^^^^^^^^^^^^^^
  File "/usr/local/lib/python3.12/site-packages/django/template/base.py", line 174, in render
    return self._render(context)
           ^^^^^^^^^^^^^^^^^^^^^
  File "/usr/local/lib/python3.12/site-packages/django/template/base.py", line 166, in _render
    return self.nodelist.render(context)
           ^^^^^^^^^^^^^^^^^^^^^^^^^^^^^
  File "/usr/local/lib/python3.12/site-packages/django/template/base.py", line 1091, in render
    return SafeString("".join([node.render_annotated(context) for node in self]))
                               ^^^^^^^^^^^^^^^^^^^^^^^^^^^^^^
  File "/usr/local/lib/python3.12/site-packages/django/template/base.py", line 1052, in render_annotated
    return self.render(context)
           ^^^^^^^^^^^^^^^^^^^^
  File "/usr/local/lib/python3.12/site-packages/django/template/loader_tags.py", line 160, in render
    return compiled_parent._render(context)
           ^^^^^^^^^^^^^^^^^^^^^^^^^^^^^^^^
  File "/usr/local/lib/python3.12/site-packages/django/template/base.py", line 166, in _render
    return self.nodelist.render(context)
           ^^^^^^^^^^^^^^^^^^^^^^^^^^^^^
  File "/usr/local/lib/python3.12/site-packages/django/template/base.py", line 1091, in render
    return SafeString("".join([node.render_annotated(context) for node in self]))
                               ^^^^^^^^^^^^^^^^^^^^^^^^^^^^^^
  File "/usr/local/lib/python3.12/site-packages/django/template/base.py", line 1052, in render_annotated
    return self.render(context)
           ^^^^^^^^^^^^^^^^^^^^
  File "/usr/local/lib/python3.12/site-packages/django/template/defaulttags.py", line 511, in render
    url = reverse(view_name, args=args, kwargs=kwargs, current_app=current_app)
          ^^^^^^^^^^^^^^^^^^^^^^^^^^^^^^^^^^^^^^^^^^^^^^^^^^^^^^^^^^^^^^^^^^^^^
  File "/usr/local/lib/python3.12/site-packages/django/urls/base.py", line 98, in reverse
    resolved_url = resolver._reverse_with_prefix(view, prefix, *args, **kwargs)
                   ^^^^^^^^^^^^^^^^^^^^^^^^^^^^^^^^^^^^^^^^^^^^^^^^^^^^^^^^^^^^
  File "/usr/local/lib/python3.12/site-packages/django/urls/resolvers.py", line 842, in _reverse_with_prefix
    raise NoReverseMatch(msg)
django.urls.exceptions.NoReverseMatch: Reverse for 'master' not found. 'master' is not a valid view function or pattern name.
[31.08.2026 22:03:15] ERROR [django.server:249] "GET / HTTP/1.0" 500 144513
[31.08.2026 22:03:16] ERROR [django.request:249] Internal Server Error: /
Traceback (most recent call last):
  File "/usr/local/lib/python3.12/site-packages/django/core/handlers/exception.py", line 55, in inner
    response = get_response(request)
               ^^^^^^^^^^^^^^^^^^^^^
  File "/usr/local/lib/python3.12/site-packages/django/core/handlers/base.py", line 198, in _get_response
    response = wrapped_callback(request, *callback_args, **callback_kwargs)
               ^^^^^^^^^^^^^^^^^^^^^^^^^^^^^^^^^^^^^^^^^^^^^^^^^^^^^^^^^^^^
  File "/usr/local/lib/python3.12/site-packages/django/utils/decorators.py", line 192, in _view_wrapper
    result = _process_exception(request, e)
             ^^^^^^^^^^^^^^^^^^^^^^^^^^^^^^
  File "/usr/local/lib/python3.12/site-packages/django/utils/decorators.py", line 190, in _view_wrapper
    response = view_func(request, *args, **kwargs)
               ^^^^^^^^^^^^^^^^^^^^^^^^^^^^^^^^^^^
  File "/app/core/views.py", line 12, in index
    return render(
          ^^^^^^^
  File "/usr/local/lib/python3.12/site-packages/django/shortcuts.py", line 25, in render
    content = loader.render_to_string(template_name, context, request, using=using)
              ^^^^^^^^^^^^^^^^^^^^^^^^^^^^^^^^^^^^^^^^^^^^^^^^^^^^^^^^^^^^^^^^^^^^^
  File "/usr/local/lib/python3.12/site-packages/django/template/loader.py", line 62, in render_to_string
    return template.render(context, request)
           ^^^^^^^^^^^^^^^^^^^^^^^^^^^^^^^^^
  File "/usr/local/lib/python3.12/site-packages/django/template/backends/django.py", line 107, in render
    return self.template.render(context)
           ^^^^^^^^^^^^^^^^^^^^^^^^^^^^^
  File "/usr/local/lib/python3.12/site-packages/django/template/base.py", line 174, in render
    return self._render(context)
           ^^^^^^^^^^^^^^^^^^^^^
  File "/usr/local/lib/python3.12/site-packages/django/template/base.py", line 166, in _render
    return self.nodelist.render(context)
           ^^^^^^^^^^^^^^^^^^^^^^^^^^^^^
  File "/usr/local/lib/python3.12/site-packages/django/template/base.py", line 1091, in render
    return SafeString("".join([node.render_annotated(context) for node in self]))
                               ^^^^^^^^^^^^^^^^^^^^^^^^^^^^^^
  File "/usr/local/lib/python3.12/site-packages/django/template/base.py", line 1052, in render_annotated
    return self.render(context)
           ^^^^^^^^^^^^^^^^^^^^
  File "/usr/local/lib/python3.12/site-packages/django/template/loader_tags.py", line 160, in render
    return compiled_parent._render(context)
           ^^^^^^^^^^^^^^^^^^^^^^^^^^^^^^^^
  File "/usr/local/lib/python3.12/site-packages/django/template/base.py", line 166, in _render
    return self.nodelist.render(context)
           ^^^^^^^^^^^^^^^^^^^^^^^^^^^^^
  File "/usr/local/lib/python3.12/site-packages/django/template/base.py", line 1091, in render
    return SafeString("".join([node.render_annotated(context) for node in self]))
                               ^^^^^^^^^^^^^^^^^^^^^^^^^^^^^^
  File "/usr/local/lib/python3.12/site-packages/django/template/base.py", line 1052, in render_annotated
    return self.render(context)
           ^^^^^^^^^^^^^^^^^^^^
  File "/usr/local/lib/python3.12/site-packages/django/template/defaulttags.py", line 511, in render
    url = reverse(view_name, args=args, kwargs=kwargs, current_app=current_app)
          ^^^^^^^^^^^^^^^^^^^^^^^^^^^^^^^^^^^^^^^^^^^^^^^^^^^^^^^^^^^^^^^^^^^^^
  File "/usr/local/lib/python3.12/site-packages/django/urls/base.py", line 98, in reverse
    resolved_url = resolver._reverse_with_prefix(view, prefix, *args, **kwargs)
                   ^^^^^^^^^^^^^^^^^^^^^^^^^^^^^^^^^^^^^^^^^^^^^^^^^^^^^^^^^^^^
  File "/usr/local/lib/python3.12/site-packages/django/urls/resolvers.py", line 842, in _reverse_with_prefix
    raise NoReverseMatch(msg)
django.urls.exceptions.NoReverseMatch: Reverse for 'master' not found. 'master' is not a valid view function or pattern name.
[31.08.2026 22:03:16] ERROR [django.server:249] "GET / HTTP/1.0" 500 144513
[31.08.2026 22:05:40] INFO [django.server:249] "GET / HTTP/1.0" 200 4576
[31.08.2026 22:05:46] INFO [django.server:249] "GET / HTTP/1.0" 200 4576
[31.08.2026 22:06:02] INFO [django.server:249] "GET /appointment/ HTTP/1.0" 200 8617
[31.08.2026 22:06:06] INFO [django.server:249] "GET /masters/ HTTP/1.0" 200 1824
[31.08.2026 22:06:07] INFO [django.server:249] "GET /services/ HTTP/1.0" 200 1824
[31.08.2026 22:09:38] INFO [django.server:249] "GET / HTTP/1.0" 200 4576
[31.08.2026 22:16:12] INFO [django.server:249] "GET / HTTP/1.0" 200 4576
[08.09.2026 20:51:33] INFO [django.utils.autoreload:681] Watching for file changes with StatReloader
[08.09.2026 20:51:34] ERROR [django.request:249] Internal Server Error: /
Traceback (most recent call last):
  File "/usr/local/lib/python3.12/site-packages/django/core/handlers/exception.py", line 55, in inner
    response = get_response(request)
               ^^^^^^^^^^^^^^^^^^^^^
  File "/usr/local/lib/python3.12/site-packages/django/core/handlers/base.py", line 198, in _get_response
    response = wrapped_callback(request, *callback_args, **callback_kwargs)
               ^^^^^^^^^^^^^^^^^^^^^^^^^^^^^^^^^^^^^^^^^^^^^^^^^^^^^^^^^^^^
  File "/usr/local/lib/python3.12/site-packages/django/utils/decorators.py", line 192, in _view_wrapper
    result = _process_exception(request, e)
             ^^^^^^^^^^^^^^^^^^^^^^^^^^^^^^
  File "/usr/local/lib/python3.12/site-packages/django/utils/decorators.py", line 190, in _view_wrapper
    response = view_func(request, *args, **kwargs)
               ^^^^^^^^^^^^^^^^^^^^^^^^^^^^^^^^^^^
  File "/app/core/views.py", line 12, in index
    return render(
          ^^^^^^^
  File "/usr/local/lib/python3.12/site-packages/django/shortcuts.py", line 25, in render
    content = loader.render_to_string(template_name, context, request, using=using)
              ^^^^^^^^^^^^^^^^^^^^^^^^^^^^^^^^^^^^^^^^^^^^^^^^^^^^^^^^^^^^^^^^^^^^^
  File "/usr/local/lib/python3.12/site-packages/django/template/loader.py", line 62, in render_to_string
    return template.render(context, request)
           ^^^^^^^^^^^^^^^^^^^^^^^^^^^^^^^^^
  File "/usr/local/lib/python3.12/site-packages/django/template/backends/django.py", line 107, in render
    return self.template.render(context)
           ^^^^^^^^^^^^^^^^^^^^^^^^^^^^^
  File "/usr/local/lib/python3.12/site-packages/django/template/base.py", line 174, in render
    return self._render(context)
           ^^^^^^^^^^^^^^^^^^^^^
  File "/usr/local/lib/python3.12/site-packages/django/template/base.py", line 166, in _render
    return self.nodelist.render(context)
           ^^^^^^^^^^^^^^^^^^^^^^^^^^^^^
  File "/usr/local/lib/python3.12/site-packages/django/template/base.py", line 1091, in render
    return SafeString("".join([node.render_annotated(context) for node in self]))
                               ^^^^^^^^^^^^^^^^^^^^^^^^^^^^^^
  File "/usr/local/lib/python3.12/site-packages/django/template/base.py", line 1052, in render_annotated
    return self.render(context)
           ^^^^^^^^^^^^^^^^^^^^
  File "/usr/local/lib/python3.12/site-packages/django/template/loader_tags.py", line 160, in render
    return compiled_parent._render(context)
           ^^^^^^^^^^^^^^^^^^^^^^^^^^^^^^^^
  File "/usr/local/lib/python3.12/site-packages/django/template/base.py", line 166, in _render
    return self.nodelist.render(context)
           ^^^^^^^^^^^^^^^^^^^^^^^^^^^^^
  File "/usr/local/lib/python3.12/site-packages/django/template/base.py", line 1091, in render
    return SafeString("".join([node.render_annotated(context) for node in self]))
                               ^^^^^^^^^^^^^^^^^^^^^^^^^^^^^^
  File "/usr/local/lib/python3.12/site-packages/django/template/base.py", line 1052, in render_annotated
    return self.render(context)
           ^^^^^^^^^^^^^^^^^^^^
  File "/usr/local/lib/python3.12/site-packages/django/template/defaulttags.py", line 511, in render
    url = reverse(view_name, args=args, kwargs=kwargs, current_app=current_app)
          ^^^^^^^^^^^^^^^^^^^^^^^^^^^^^^^^^^^^^^^^^^^^^^^^^^^^^^^^^^^^^^^^^^^^^
  File "/usr/local/lib/python3.12/site-packages/django/urls/base.py", line 98, in reverse
    resolved_url = resolver._reverse_with_prefix(view, prefix, *args, **kwargs)
                   ^^^^^^^^^^^^^^^^^^^^^^^^^^^^^^^^^^^^^^^^^^^^^^^^^^^^^^^^^^^^
  File "/usr/local/lib/python3.12/site-packages/django/urls/resolvers.py", line 842, in _reverse_with_prefix
    raise NoReverseMatch(msg)
django.urls.exceptions.NoReverseMatch: Reverse for '/' not found. '/' is not a valid view function or pattern name.
[08.09.2026 20:51:34] ERROR [django.server:249] "GET / HTTP/1.0" 500 144583
[08.09.2026 20:51:35] ERROR [django.request:249] Internal Server Error: /
Traceback (most recent call last):
  File "/usr/local/lib/python3.12/site-packages/django/core/handlers/exception.py", line 55, in inner
    response = get_response(request)
               ^^^^^^^^^^^^^^^^^^^^^
  File "/usr/local/lib/python3.12/site-packages/django/core/handlers/base.py", line 198, in _get_response
    response = wrapped_callback(request, *callback_args, **callback_kwargs)
               ^^^^^^^^^^^^^^^^^^^^^^^^^^^^^^^^^^^^^^^^^^^^^^^^^^^^^^^^^^^^
  File "/usr/local/lib/python3.12/site-packages/django/utils/decorators.py", line 192, in _view_wrapper
    result = _process_exception(request, e)
             ^^^^^^^^^^^^^^^^^^^^^^^^^^^^^^
  File "/usr/local/lib/python3.12/site-packages/django/utils/decorators.py", line 190, in _view_wrapper
    response = view_func(request, *args, **kwargs)
               ^^^^^^^^^^^^^^^^^^^^^^^^^^^^^^^^^^^
  File "/app/core/views.py", line 12, in index
    return render(
          ^^^^^^^
  File "/usr/local/lib/python3.12/site-packages/django/shortcuts.py", line 25, in render
    content = loader.render_to_string(template_name, context, request, using=using)
              ^^^^^^^^^^^^^^^^^^^^^^^^^^^^^^^^^^^^^^^^^^^^^^^^^^^^^^^^^^^^^^^^^^^^^
  File "/usr/local/lib/python3.12/site-packages/django/template/loader.py", line 62, in render_to_string
    return template.render(context, request)
           ^^^^^^^^^^^^^^^^^^^^^^^^^^^^^^^^^
  File "/usr/local/lib/python3.12/site-packages/django/template/backends/django.py", line 107, in render
    return self.template.render(context)
           ^^^^^^^^^^^^^^^^^^^^^^^^^^^^^
  File "/usr/local/lib/python3.12/site-packages/django/template/base.py", line 174, in render
    return self._render(context)
           ^^^^^^^^^^^^^^^^^^^^^
  File "/usr/local/lib/python3.12/site-packages/django/template/base.py", line 166, in _render
    return self.nodelist.render(context)
           ^^^^^^^^^^^^^^^^^^^^^^^^^^^^^
  File "/usr/local/lib/python3.12/site-packages/django/template/base.py", line 1091, in render
    return SafeString("".join([node.render_annotated(context) for node in self]))
                               ^^^^^^^^^^^^^^^^^^^^^^^^^^^^^^
  File "/usr/local/lib/python3.12/site-packages/django/template/base.py", line 1052, in render_annotated
    return self.render(context)
           ^^^^^^^^^^^^^^^^^^^^
  File "/usr/local/lib/python3.12/site-packages/django/template/loader_tags.py", line 160, in render
    return compiled_parent._render(context)
           ^^^^^^^^^^^^^^^^^^^^^^^^^^^^^^^^
  File "/usr/local/lib/python3.12/site-packages/django/template/base.py", line 166, in _render
    return self.nodelist.render(context)
           ^^^^^^^^^^^^^^^^^^^^^^^^^^^^^
  File "/usr/local/lib/python3.12/site-packages/django/template/base.py", line 1091, in render
    return SafeString("".join([node.render_annotated(context) for node in self]))
                               ^^^^^^^^^^^^^^^^^^^^^^^^^^^^^^
  File "/usr/local/lib/python3.12/site-packages/django/template/base.py", line 1052, in render_annotated
    return self.render(context)
           ^^^^^^^^^^^^^^^^^^^^
  File "/usr/local/lib/python3.12/site-packages/django/template/defaulttags.py", line 511, in render
    url = reverse(view_name, args=args, kwargs=kwargs, current_app=current_app)
          ^^^^^^^^^^^^^^^^^^^^^^^^^^^^^^^^^^^^^^^^^^^^^^^^^^^^^^^^^^^^^^^^^^^^^
  File "/usr/local/lib/python3.12/site-packages/django/urls/base.py", line 98, in reverse
    resolved_url = resolver._reverse_with_prefix(view, prefix, *args, **kwargs)
                   ^^^^^^^^^^^^^^^^^^^^^^^^^^^^^^^^^^^^^^^^^^^^^^^^^^^^^^^^^^^^
  File "/usr/local/lib/python3.12/site-packages/django/urls/resolvers.py", line 842, in _reverse_with_prefix
    raise NoReverseMatch(msg)
django.urls.exceptions.NoReverseMatch: Reverse for '/' not found. '/' is not a valid view function or pattern name.
[08.09.2026 20:51:35] ERROR [django.server:249] "GET / HTTP/1.0" 500 144439
[08.09.2026 20:51:35] WARNING [django.request:249] Not Found: /favicon.ico
[08.09.2026 20:51:35] WARNING [django.server:249] "GET /favicon.ico HTTP/1.0" 404 5513
[08.09.2026 20:53:34] ERROR [django.request:249] Internal Server Error: /
Traceback (most recent call last):
  File "/usr/local/lib/python3.12/site-packages/django/core/handlers/exception.py", line 55, in inner
    response = get_response(request)
               ^^^^^^^^^^^^^^^^^^^^^
  File "/usr/local/lib/python3.12/site-packages/django/core/handlers/base.py", line 198, in _get_response
    response = wrapped_callback(request, *callback_args, **callback_kwargs)
               ^^^^^^^^^^^^^^^^^^^^^^^^^^^^^^^^^^^^^^^^^^^^^^^^^^^^^^^^^^^^
  File "/usr/local/lib/python3.12/site-packages/django/utils/decorators.py", line 192, in _view_wrapper
    result = _process_exception(request, e)
             ^^^^^^^^^^^^^^^^^^^^^^^^^^^^^^
  File "/usr/local/lib/python3.12/site-packages/django/utils/decorators.py", line 190, in _view_wrapper
    response = view_func(request, *args, **kwargs)
               ^^^^^^^^^^^^^^^^^^^^^^^^^^^^^^^^^^^
  File "/app/core/views.py", line 12, in index
    return render(
          ^^^^^^^
  File "/usr/local/lib/python3.12/site-packages/django/shortcuts.py", line 25, in render
    content = loader.render_to_string(template_name, context, request, using=using)
              ^^^^^^^^^^^^^^^^^^^^^^^^^^^^^^^^^^^^^^^^^^^^^^^^^^^^^^^^^^^^^^^^^^^^^
  File "/usr/local/lib/python3.12/site-packages/django/template/loader.py", line 62, in render_to_string
    return template.render(context, request)
           ^^^^^^^^^^^^^^^^^^^^^^^^^^^^^^^^^
  File "/usr/local/lib/python3.12/site-packages/django/template/backends/django.py", line 107, in render
    return self.template.render(context)
           ^^^^^^^^^^^^^^^^^^^^^^^^^^^^^
  File "/usr/local/lib/python3.12/site-packages/django/template/base.py", line 174, in render
    return self._render(context)
           ^^^^^^^^^^^^^^^^^^^^^
  File "/usr/local/lib/python3.12/site-packages/django/template/base.py", line 166, in _render
    return self.nodelist.render(context)
           ^^^^^^^^^^^^^^^^^^^^^^^^^^^^^
  File "/usr/local/lib/python3.12/site-packages/django/template/base.py", line 1091, in render
    return SafeString("".join([node.render_annotated(context) for node in self]))
                               ^^^^^^^^^^^^^^^^^^^^^^^^^^^^^^
  File "/usr/local/lib/python3.12/site-packages/django/template/base.py", line 1052, in render_annotated
    return self.render(context)
           ^^^^^^^^^^^^^^^^^^^^
  File "/usr/local/lib/python3.12/site-packages/django/template/loader_tags.py", line 160, in render
    return compiled_parent._render(context)
           ^^^^^^^^^^^^^^^^^^^^^^^^^^^^^^^^
  File "/usr/local/lib/python3.12/site-packages/django/template/base.py", line 166, in _render
    return self.nodelist.render(context)
           ^^^^^^^^^^^^^^^^^^^^^^^^^^^^^
  File "/usr/local/lib/python3.12/site-packages/django/template/base.py", line 1091, in render
    return SafeString("".join([node.render_annotated(context) for node in self]))
                               ^^^^^^^^^^^^^^^^^^^^^^^^^^^^^^
  File "/usr/local/lib/python3.12/site-packages/django/template/base.py", line 1052, in render_annotated
    return self.render(context)
           ^^^^^^^^^^^^^^^^^^^^
  File "/usr/local/lib/python3.12/site-packages/django/template/defaulttags.py", line 511, in render
    url = reverse(view_name, args=args, kwargs=kwargs, current_app=current_app)
          ^^^^^^^^^^^^^^^^^^^^^^^^^^^^^^^^^^^^^^^^^^^^^^^^^^^^^^^^^^^^^^^^^^^^^
  File "/usr/local/lib/python3.12/site-packages/django/urls/base.py", line 98, in reverse
    resolved_url = resolver._reverse_with_prefix(view, prefix, *args, **kwargs)
                   ^^^^^^^^^^^^^^^^^^^^^^^^^^^^^^^^^^^^^^^^^^^^^^^^^^^^^^^^^^^^
  File "/usr/local/lib/python3.12/site-packages/django/urls/resolvers.py", line 842, in _reverse_with_prefix
    raise NoReverseMatch(msg)
django.urls.exceptions.NoReverseMatch: Reverse for 'services' not found. 'services' is not a valid view function or pattern name.
[08.09.2026 20:53:34] ERROR [django.server:249] "GET / HTTP/1.0" 500 145147
[08.09.2026 20:53:35] ERROR [django.request:249] Internal Server Error: /
Traceback (most recent call last):
  File "/usr/local/lib/python3.12/site-packages/django/core/handlers/exception.py", line 55, in inner
    response = get_response(request)
               ^^^^^^^^^^^^^^^^^^^^^
  File "/usr/local/lib/python3.12/site-packages/django/core/handlers/base.py", line 198, in _get_response
    response = wrapped_callback(request, *callback_args, **callback_kwargs)
               ^^^^^^^^^^^^^^^^^^^^^^^^^^^^^^^^^^^^^^^^^^^^^^^^^^^^^^^^^^^^
  File "/usr/local/lib/python3.12/site-packages/django/utils/decorators.py", line 192, in _view_wrapper
    result = _process_exception(request, e)
             ^^^^^^^^^^^^^^^^^^^^^^^^^^^^^^
  File "/usr/local/lib/python3.12/site-packages/django/utils/decorators.py", line 190, in _view_wrapper
    response = view_func(request, *args, **kwargs)
               ^^^^^^^^^^^^^^^^^^^^^^^^^^^^^^^^^^^
  File "/app/core/views.py", line 12, in index
    return render(
          ^^^^^^^
  File "/usr/local/lib/python3.12/site-packages/django/shortcuts.py", line 25, in render
    content = loader.render_to_string(template_name, context, request, using=using)
              ^^^^^^^^^^^^^^^^^^^^^^^^^^^^^^^^^^^^^^^^^^^^^^^^^^^^^^^^^^^^^^^^^^^^^
  File "/usr/local/lib/python3.12/site-packages/django/template/loader.py", line 62, in render_to_string
    return template.render(context, request)
           ^^^^^^^^^^^^^^^^^^^^^^^^^^^^^^^^^
  File "/usr/local/lib/python3.12/site-packages/django/template/backends/django.py", line 107, in render
    return self.template.render(context)
           ^^^^^^^^^^^^^^^^^^^^^^^^^^^^^
  File "/usr/local/lib/python3.12/site-packages/django/template/base.py", line 174, in render
    return self._render(context)
           ^^^^^^^^^^^^^^^^^^^^^
  File "/usr/local/lib/python3.12/site-packages/django/template/base.py", line 166, in _render
    return self.nodelist.render(context)
           ^^^^^^^^^^^^^^^^^^^^^^^^^^^^^
  File "/usr/local/lib/python3.12/site-packages/django/template/base.py", line 1091, in render
    return SafeString("".join([node.render_annotated(context) for node in self]))
                               ^^^^^^^^^^^^^^^^^^^^^^^^^^^^^^
  File "/usr/local/lib/python3.12/site-packages/django/template/base.py", line 1052, in render_annotated
    return self.render(context)
           ^^^^^^^^^^^^^^^^^^^^
  File "/usr/local/lib/python3.12/site-packages/django/template/loader_tags.py", line 160, in render
    return compiled_parent._render(context)
           ^^^^^^^^^^^^^^^^^^^^^^^^^^^^^^^^
  File "/usr/local/lib/python3.12/site-packages/django/template/base.py", line 166, in _render
    return self.nodelist.render(context)
           ^^^^^^^^^^^^^^^^^^^^^^^^^^^^^
  File "/usr/local/lib/python3.12/site-packages/django/template/base.py", line 1091, in render
    return SafeString("".join([node.render_annotated(context) for node in self]))
                               ^^^^^^^^^^^^^^^^^^^^^^^^^^^^^^
  File "/usr/local/lib/python3.12/site-packages/django/template/base.py", line 1052, in render_annotated
    return self.render(context)
           ^^^^^^^^^^^^^^^^^^^^
  File "/usr/local/lib/python3.12/site-packages/django/template/defaulttags.py", line 511, in render
    url = reverse(view_name, args=args, kwargs=kwargs, current_app=current_app)
          ^^^^^^^^^^^^^^^^^^^^^^^^^^^^^^^^^^^^^^^^^^^^^^^^^^^^^^^^^^^^^^^^^^^^^
  File "/usr/local/lib/python3.12/site-packages/django/urls/base.py", line 98, in reverse
    resolved_url = resolver._reverse_with_prefix(view, prefix, *args, **kwargs)
                   ^^^^^^^^^^^^^^^^^^^^^^^^^^^^^^^^^^^^^^^^^^^^^^^^^^^^^^^^^^^^
  File "/usr/local/lib/python3.12/site-packages/django/urls/resolvers.py", line 842, in _reverse_with_prefix
    raise NoReverseMatch(msg)
django.urls.exceptions.NoReverseMatch: Reverse for 'services' not found. 'services' is not a valid view function or pattern name.
[08.09.2026 20:53:35] ERROR [django.server:249] "GET / HTTP/1.0" 500 145147
[08.09.2026 20:58:37] ERROR [django.request:249] Internal Server Error: /
Traceback (most recent call last):
  File "/usr/local/lib/python3.12/site-packages/django/core/handlers/exception.py", line 55, in inner
    response = get_response(request)
               ^^^^^^^^^^^^^^^^^^^^^
  File "/usr/local/lib/python3.12/site-packages/django/core/handlers/base.py", line 198, in _get_response
    response = wrapped_callback(request, *callback_args, **callback_kwargs)
               ^^^^^^^^^^^^^^^^^^^^^^^^^^^^^^^^^^^^^^^^^^^^^^^^^^^^^^^^^^^^
  File "/usr/local/lib/python3.12/site-packages/django/utils/decorators.py", line 192, in _view_wrapper
    result = _process_exception(request, e)
             ^^^^^^^^^^^^^^^^^^^^^^^^^^^^^^
  File "/usr/local/lib/python3.12/site-packages/django/utils/decorators.py", line 190, in _view_wrapper
    response = view_func(request, *args, **kwargs)
               ^^^^^^^^^^^^^^^^^^^^^^^^^^^^^^^^^^^
  File "/app/core/views.py", line 12, in index
    return render(
          ^^^^^^^
  File "/usr/local/lib/python3.12/site-packages/django/shortcuts.py", line 25, in render
    content = loader.render_to_string(template_name, context, request, using=using)
              ^^^^^^^^^^^^^^^^^^^^^^^^^^^^^^^^^^^^^^^^^^^^^^^^^^^^^^^^^^^^^^^^^^^^^
  File "/usr/local/lib/python3.12/site-packages/django/template/loader.py", line 62, in render_to_string
    return template.render(context, request)
           ^^^^^^^^^^^^^^^^^^^^^^^^^^^^^^^^^
  File "/usr/local/lib/python3.12/site-packages/django/template/backends/django.py", line 107, in render
    return self.template.render(context)
           ^^^^^^^^^^^^^^^^^^^^^^^^^^^^^
  File "/usr/local/lib/python3.12/site-packages/django/template/base.py", line 174, in render
    return self._render(context)
           ^^^^^^^^^^^^^^^^^^^^^
  File "/usr/local/lib/python3.12/site-packages/django/template/base.py", line 166, in _render
    return self.nodelist.render(context)
           ^^^^^^^^^^^^^^^^^^^^^^^^^^^^^
  File "/usr/local/lib/python3.12/site-packages/django/template/base.py", line 1091, in render
    return SafeString("".join([node.render_annotated(context) for node in self]))
                               ^^^^^^^^^^^^^^^^^^^^^^^^^^^^^^
  File "/usr/local/lib/python3.12/site-packages/django/template/base.py", line 1052, in render_annotated
    return self.render(context)
           ^^^^^^^^^^^^^^^^^^^^
  File "/usr/local/lib/python3.12/site-packages/django/template/loader_tags.py", line 160, in render
    return compiled_parent._render(context)
           ^^^^^^^^^^^^^^^^^^^^^^^^^^^^^^^^
  File "/usr/local/lib/python3.12/site-packages/django/template/base.py", line 166, in _render
    return self.nodelist.render(context)
           ^^^^^^^^^^^^^^^^^^^^^^^^^^^^^
  File "/usr/local/lib/python3.12/site-packages/django/template/base.py", line 1091, in render
    return SafeString("".join([node.render_annotated(context) for node in self]))
                               ^^^^^^^^^^^^^^^^^^^^^^^^^^^^^^
  File "/usr/local/lib/python3.12/site-packages/django/template/base.py", line 1052, in render_annotated
    return self.render(context)
           ^^^^^^^^^^^^^^^^^^^^
  File "/usr/local/lib/python3.12/site-packages/django/template/loader_tags.py", line 66, in render
    result = block.nodelist.render(context)
             ^^^^^^^^^^^^^^^^^^^^^^^^^^^^^^
  File "/usr/local/lib/python3.12/site-packages/django/template/base.py", line 1091, in render
    return SafeString("".join([node.render_annotated(context) for node in self]))
                               ^^^^^^^^^^^^^^^^^^^^^^^^^^^^^^
  File "/usr/local/lib/python3.12/site-packages/django/template/base.py", line 1052, in render_annotated
    return self.render(context)
           ^^^^^^^^^^^^^^^^^^^^
  File "/usr/local/lib/python3.12/site-packages/django/template/defaulttags.py", line 511, in render
    url = reverse(view_name, args=args, kwargs=kwargs, current_app=current_app)
          ^^^^^^^^^^^^^^^^^^^^^^^^^^^^^^^^^^^^^^^^^^^^^^^^^^^^^^^^^^^^^^^^^^^^^
  File "/usr/local/lib/python3.12/site-packages/django/urls/base.py", line 98, in reverse
    resolved_url = resolver._reverse_with_prefix(view, prefix, *args, **kwargs)
                   ^^^^^^^^^^^^^^^^^^^^^^^^^^^^^^^^^^^^^^^^^^^^^^^^^^^^^^^^^^^^
  File "/usr/local/lib/python3.12/site-packages/django/urls/resolvers.py", line 842, in _reverse_with_prefix
    raise NoReverseMatch(msg)
django.urls.exceptions.NoReverseMatch: Reverse for 'appointment' not found. 'appointment' is not a valid view function or pattern name.
[08.09.2026 20:58:37] ERROR [django.server:249] "GET / HTTP/1.0" 500 159491
[08.09.2026 20:58:39] ERROR [django.request:249] Internal Server Error: /
Traceback (most recent call last):
  File "/usr/local/lib/python3.12/site-packages/django/core/handlers/exception.py", line 55, in inner
    response = get_response(request)
               ^^^^^^^^^^^^^^^^^^^^^
  File "/usr/local/lib/python3.12/site-packages/django/core/handlers/base.py", line 198, in _get_response
    response = wrapped_callback(request, *callback_args, **callback_kwargs)
               ^^^^^^^^^^^^^^^^^^^^^^^^^^^^^^^^^^^^^^^^^^^^^^^^^^^^^^^^^^^^
  File "/usr/local/lib/python3.12/site-packages/django/utils/decorators.py", line 192, in _view_wrapper
    result = _process_exception(request, e)
             ^^^^^^^^^^^^^^^^^^^^^^^^^^^^^^
  File "/usr/local/lib/python3.12/site-packages/django/utils/decorators.py", line 190, in _view_wrapper
    response = view_func(request, *args, **kwargs)
               ^^^^^^^^^^^^^^^^^^^^^^^^^^^^^^^^^^^
  File "/app/core/views.py", line 12, in index
    return render(
          ^^^^^^^
  File "/usr/local/lib/python3.12/site-packages/django/shortcuts.py", line 25, in render
    content = loader.render_to_string(template_name, context, request, using=using)
              ^^^^^^^^^^^^^^^^^^^^^^^^^^^^^^^^^^^^^^^^^^^^^^^^^^^^^^^^^^^^^^^^^^^^^
  File "/usr/local/lib/python3.12/site-packages/django/template/loader.py", line 62, in render_to_string
    return template.render(context, request)
           ^^^^^^^^^^^^^^^^^^^^^^^^^^^^^^^^^
  File "/usr/local/lib/python3.12/site-packages/django/template/backends/django.py", line 107, in render
    return self.template.render(context)
           ^^^^^^^^^^^^^^^^^^^^^^^^^^^^^
  File "/usr/local/lib/python3.12/site-packages/django/template/base.py", line 174, in render
    return self._render(context)
           ^^^^^^^^^^^^^^^^^^^^^
  File "/usr/local/lib/python3.12/site-packages/django/template/base.py", line 166, in _render
    return self.nodelist.render(context)
           ^^^^^^^^^^^^^^^^^^^^^^^^^^^^^
  File "/usr/local/lib/python3.12/site-packages/django/template/base.py", line 1091, in render
    return SafeString("".join([node.render_annotated(context) for node in self]))
                               ^^^^^^^^^^^^^^^^^^^^^^^^^^^^^^
  File "/usr/local/lib/python3.12/site-packages/django/template/base.py", line 1052, in render_annotated
    return self.render(context)
           ^^^^^^^^^^^^^^^^^^^^
  File "/usr/local/lib/python3.12/site-packages/django/template/loader_tags.py", line 160, in render
    return compiled_parent._render(context)
           ^^^^^^^^^^^^^^^^^^^^^^^^^^^^^^^^
  File "/usr/local/lib/python3.12/site-packages/django/template/base.py", line 166, in _render
    return self.nodelist.render(context)
           ^^^^^^^^^^^^^^^^^^^^^^^^^^^^^
  File "/usr/local/lib/python3.12/site-packages/django/template/base.py", line 1091, in render
    return SafeString("".join([node.render_annotated(context) for node in self]))
                               ^^^^^^^^^^^^^^^^^^^^^^^^^^^^^^
  File "/usr/local/lib/python3.12/site-packages/django/template/base.py", line 1052, in render_annotated
    return self.render(context)
           ^^^^^^^^^^^^^^^^^^^^
  File "/usr/local/lib/python3.12/site-packages/django/template/loader_tags.py", line 66, in render
    result = block.nodelist.render(context)
             ^^^^^^^^^^^^^^^^^^^^^^^^^^^^^^
  File "/usr/local/lib/python3.12/site-packages/django/template/base.py", line 1091, in render
    return SafeString("".join([node.render_annotated(context) for node in self]))
                               ^^^^^^^^^^^^^^^^^^^^^^^^^^^^^^
  File "/usr/local/lib/python3.12/site-packages/django/template/base.py", line 1052, in render_annotated
    return self.render(context)
           ^^^^^^^^^^^^^^^^^^^^
  File "/usr/local/lib/python3.12/site-packages/django/template/defaulttags.py", line 511, in render
    url = reverse(view_name, args=args, kwargs=kwargs, current_app=current_app)
          ^^^^^^^^^^^^^^^^^^^^^^^^^^^^^^^^^^^^^^^^^^^^^^^^^^^^^^^^^^^^^^^^^^^^^
  File "/usr/local/lib/python3.12/site-packages/django/urls/base.py", line 98, in reverse
    resolved_url = resolver._reverse_with_prefix(view, prefix, *args, **kwargs)
                   ^^^^^^^^^^^^^^^^^^^^^^^^^^^^^^^^^^^^^^^^^^^^^^^^^^^^^^^^^^^^
  File "/usr/local/lib/python3.12/site-packages/django/urls/resolvers.py", line 842, in _reverse_with_prefix
    raise NoReverseMatch(msg)
django.urls.exceptions.NoReverseMatch: Reverse for 'appointment' not found. 'appointment' is not a valid view function or pattern name.
[08.09.2026 20:58:39] ERROR [django.server:249] "GET / HTTP/1.0" 500 159491
[08.09.2026 20:59:43] INFO [django.server:249] "GET / HTTP/1.0" 200 4550
[08.09.2026 21:00:36] INFO [django.server:249] "GET / HTTP/1.0" 200 4550
[08.09.2026 21:00:41] INFO [django.server:249] "GET /masters/ HTTP/1.0" 200 1816
[08.09.2026 21:00:43] INFO [django.server:249] "GET /services/ HTTP/1.0" 200 1816
[08.09.2026 21:01:13] INFO [django.server:249] "GET / HTTP/1.0" 200 4550
[08.09.2026 21:01:16] INFO [django.server:249] "GET / HTTP/1.0" 200 4550
[08.09.2026 21:01:16] INFO [django.server:249] "GET / HTTP/1.0" 200 4550
[08.09.2026 21:01:17] INFO [django.server:249] "GET / HTTP/1.0" 200 4550
[08.09.2026 21:05:51] INFO [django.server:249] "GET / HTTP/1.0" 200 4550
[08.09.2026 21:05:53] INFO [django.server:249] "GET / HTTP/1.0" 200 4550
[08.09.2026 21:05:53] INFO [django.server:249] "GET / HTTP/1.0" 200 4550
[08.09.2026 21:05:54] INFO [django.server:249] "GET / HTTP/1.0" 200 4550
[08.09.2026 21:05:54] INFO [django.server:249] "GET / HTTP/1.0" 200 4550
[08.09.2026 21:05:54] INFO [django.server:249] "GET / HTTP/1.0" 200 4550
[08.09.2026 21:05:54] INFO [django.server:249] "GET / HTTP/1.0" 200 4550
[08.09.2026 21:06:10] INFO [django.server:249] "GET / HTTP/1.0" 200 4550
[08.09.2026 21:13:08] INFO [django.server:249] "GET / HTTP/1.0" 200 4550
[08.09.2026 21:13:10] INFO [django.server:249] "GET / HTTP/1.0" 200 4550
[08.09.2026 21:13:10] INFO [django.server:249] "GET / HTTP/1.0" 200 4550
[08.09.2026 21:13:11] INFO [django.server:249] "GET / HTTP/1.0" 200 4550
[08.09.2026 21:13:11] INFO [django.server:249] "GET / HTTP/1.0" 200 4550
[08.09.2026 21:13:11] INFO [django.server:249] "GET / HTTP/1.0" 200 4550
[08.09.2026 21:13:12] INFO [django.server:249] "GET / HTTP/1.0" 200 4550
[08.09.2026 21:13:12] INFO [django.server:249] "GET / HTTP/1.0" 200 4550
[08.09.2026 21:13:13] INFO [django.server:249] "GET / HTTP/1.0" 200 4550
[08.09.2026 21:13:22] INFO [django.server:249] "GET / HTTP/1.0" 200 4550
[08.09.2026 21:13:22] INFO [django.server:249] "GET / HTTP/1.0" 200 4550
[08.09.2026 21:13:22] INFO [django.server:249] "GET / HTTP/1.0" 200 4550
[08.09.2026 21:13:23] INFO [django.server:249] "GET / HTTP/1.0" 200 4550
[08.09.2026 21:13:23] INFO [django.server:249] "GET / HTTP/1.0" 200 4550
[08.09.2026 21:13:23] INFO [django.server:249] "GET / HTTP/1.0" 200 4550
[08.09.2026 21:13:25] INFO [django.server:249] "GET / HTTP/1.0" 200 4550
[08.09.2026 21:13:25] INFO [django.server:249] "GET / HTTP/1.0" 200 4550
[08.09.2026 21:13:25] INFO [django.server:249] "GET / HTTP/1.0" 200 4550
[08.09.2026 21:14:33] INFO [django.server:249] "GET / HTTP/1.0" 200 4550
[08.09.2026 21:14:33] INFO [django.server:249] "GET / HTTP/1.0" 200 4550
[08.09.2026 21:14:34] INFO [django.server:249] "GET / HTTP/1.0" 200 4550
[08.09.2026 21:14:34] INFO [django.server:249] "GET / HTTP/1.0" 200 4550
[08.09.2026 21:14:34] INFO [django.server:249] "GET / HTTP/1.0" 200 4550
[08.09.2026 21:14:34] INFO [django.server:249] "GET / HTTP/1.0" 200 4550
[08.09.2026 21:14:35] INFO [django.server:249] "GET / HTTP/1.0" 200 4550
[08.09.2026 21:14:35] INFO [django.server:249] "GET / HTTP/1.0" 200 4550
[08.09.2026 21:16:43] INFO [django.server:249] "GET / HTTP/1.0" 200 6090
[08.09.2026 21:16:46] INFO [django.server:249] "GET /masters/ HTTP/1.0" 200 3339
[08.09.2026 21:16:47] INFO [django.server:249] "GET /services/ HTTP/1.0" 200 3339
[08.09.2026 21:19:45] INFO [django.server:249] "GET / HTTP/1.0" 200 6090
[08.09.2026 21:19:46] INFO [django.server:249] "GET / HTTP/1.0" 200 6090
[08.09.2026 21:19:58] INFO [django.server:249] "GET /services/ HTTP/1.0" 200 3339
[08.09.2026 21:19:59] INFO [django.server:249] "GET /services/ HTTP/1.0" 200 3339
[08.09.2026 21:20:00] INFO [django.server:249] "GET /services/ HTTP/1.0" 200 3339
[08.09.2026 21:20:00] INFO [django.server:249] "GET /services/ HTTP/1.0" 200 3339
[08.09.2026 21:20:00] INFO [django.server:249] "GET /services/ HTTP/1.0" 200 3339
[08.09.2026 21:20:02] INFO [django.server:249] "GET / HTTP/1.0" 200 6090
[08.09.2026 21:20:15] INFO [django.server:249] "GET /services/ HTTP/1.0" 200 3339
[08.09.2026 21:20:16] INFO [django.server:249] "GET /services/ HTTP/1.0" 200 3339
[08.09.2026 21:20:16] INFO [django.server:249] "GET /services/ HTTP/1.0" 200 3339
[08.09.2026 21:20:16] INFO [django.server:249] "GET /services/ HTTP/1.0" 200 3339
[08.09.2026 21:20:16] INFO [django.server:249] "GET /services/ HTTP/1.0" 200 3339
[08.09.2026 21:20:33] INFO [django.server:249] "GET /masters/ HTTP/1.0" 200 3339
[08.09.2026 21:24:44] INFO [django.server:249] "GET /masters/ HTTP/1.0" 200 3339
[08.09.2026 21:24:44] INFO [django.server:249] "GET /masters/ HTTP/1.0" 200 3339
[08.09.2026 21:24:45] INFO [django.server:249] "GET /masters/ HTTP/1.0" 200 3339
[08.09.2026 21:24:45] INFO [django.server:249] "GET /masters/ HTTP/1.0" 200 3339
[08.09.2026 21:24:45] INFO [django.server:249] "GET /masters/ HTTP/1.0" 200 3339
[08.09.2026 21:48:08] INFO [django.server:249] "GET / HTTP/1.0" 200 6272
[09.09.2026 20:43:38] INFO [django.utils.autoreload:681] Watching for file changes with StatReloader
[09.09.2026 20:43:39] INFO [django.server:249] "GET / HTTP/1.0" 200 6272
[09.09.2026 20:44:02] INFO [django.server:249] "GET / HTTP/1.0" 200 6272
[09.09.2026 20:45:12] INFO [django.server:249] "GET / HTTP/1.0" 200 6272
[09.09.2026 20:45:13] INFO [django.server:249] "GET / HTTP/1.0" 200 6272
[09.09.2026 20:47:52] INFO [django.server:249] "GET / HTTP/1.0" 200 6272
[09.09.2026 20:53:12] INFO [django.server:249] "GET / HTTP/1.0" 200 6272
[09.09.2026 20:57:09] INFO [django.server:249] "GET / HTTP/1.0" 200 6272
[09.09.2026 21:10:59] INFO [django.server:249] "GET /services/ HTTP/1.0" 200 3842
[09.09.2026 21:11:05] INFO [django.server:249] "GET / HTTP/1.0" 200 6593
[09.09.2026 21:11:11] INFO [django.server:249] "GET /masters/ HTTP/1.0" 200 3842
[09.09.2026 21:11:15] INFO [django.server:249] "GET / HTTP/1.0" 200 6593
[09.09.2026 21:11:16] INFO [django.server:249] "GET / HTTP/1.0" 200 6593
[09.09.2026 21:11:16] INFO [django.server:249] "GET / HTTP/1.0" 200 6593
[09.09.2026 21:11:16] INFO [django.server:249] "GET / HTTP/1.0" 200 6593
[09.09.2026 21:11:17] INFO [django.server:249] "GET / HTTP/1.0" 200 6593
[09.09.2026 21:11:17] INFO [django.server:249] "GET / HTTP/1.0" 200 6593
[09.09.2026 21:11:17] INFO [django.server:249] "GET / HTTP/1.0" 200 6593
[09.09.2026 21:12:34] INFO [django.server:249] "GET /admin HTTP/1.0" 301 0
[09.09.2026 21:12:34] INFO [django.server:249] "GET /admin/ HTTP/1.0" 302 0
[09.09.2026 21:12:34] INFO [django.server:249] "GET /admin/login/?next=/admin/ HTTP/1.0" 200 4262
[09.09.2026 21:12:34] WARNING [django.request:249] Not Found: /favicon.ico
[09.09.2026 21:12:34] WARNING [django.server:249] "GET /favicon.ico HTTP/1.0" 404 5513
[09.09.2026 21:12:36] INFO [django.server:249] "POST /admin/login/?next=/admin/ HTTP/1.0" 200 4520
[09.09.2026 21:12:44] INFO [django.server:249] "POST /admin/login/?next=/admin/ HTTP/1.0" 200 4520
[09.09.2026 21:12:52] INFO [django.server:249] "POST /admin/login/?next=/admin/ HTTP/1.0" 200 4520
[09.09.2026 21:12:53] INFO [django.server:249] "POST /admin/login/?next=/admin/ HTTP/1.0" 200 4520
[09.09.2026 21:12:54] INFO [django.server:249] "POST /admin/login/?next=/admin/ HTTP/1.0" 200 4520
[09.09.2026 21:12:54] INFO [django.server:249] "POST /admin/login/?next=/admin/ HTTP/1.0" 200 4520
[09.09.2026 21:13:24] INFO [django.server:249] "POST /admin/login/?next=/admin/ HTTP/1.0" 302 0
[09.09.2026 21:13:24] INFO [django.server:249] "GET /admin/ HTTP/1.0" 200 16290
[09.09.2026 21:13:36] INFO [django.server:249] "GET /admin/services/service/add/ HTTP/1.0" 200 17797
[09.09.2026 21:13:36] INFO [django.server:249] "GET /admin/jsi18n/ HTTP/1.0" 200 16379
[09.09.2026 21:14:46] INFO [django.server:249] "POST /admin/services/service/add/ HTTP/1.0" 302 0
[09.09.2026 21:14:46] INFO [django.server:249] "GET /admin/services/service/add/ HTTP/1.0" 200 18113
[09.09.2026 21:14:46] INFO [django.server:249] "GET /admin/jsi18n/ HTTP/1.0" 200 16379
[09.09.2026 21:15:13] INFO [django.server:249] "POST /admin/services/service/add/ HTTP/1.0" 302 0
[09.09.2026 21:15:13] INFO [django.server:249] "GET /admin/services/service/add/ HTTP/1.0" 200 18111
[09.09.2026 21:15:14] INFO [django.server:249] "GET /admin/jsi18n/ HTTP/1.0" 200 16379
[09.09.2026 21:16:00] INFO [django.server:249] "POST /admin/services/service/add/ HTTP/1.0" 302 0
[09.09.2026 21:16:00] INFO [django.server:249] "GET /admin/services/service/add/ HTTP/1.0" 200 18132
[09.09.2026 21:16:00] INFO [django.server:249] "GET /admin/jsi18n/ HTTP/1.0" 200 16379
[09.09.2026 21:16:23] INFO [django.server:249] "POST /admin/services/service/add/ HTTP/1.0" 302 0
[09.09.2026 21:16:23] INFO [django.server:249] "GET /admin/services/service/4/change/ HTTP/1.0" 200 18459
[09.09.2026 21:16:23] INFO [django.server:249] "GET /admin/jsi18n/ HTTP/1.0" 200 16379
[09.09.2026 21:16:29] INFO [django.server:249] "GET /admin/services/service/ HTTP/1.0" 200 19905
[09.09.2026 21:16:29] INFO [django.server:249] "GET /admin/jsi18n/ HTTP/1.0" 200 16379
[13.09.2026 15:09:41] INFO [django.utils.autoreload:681] Watching for file changes with StatReloader
[13.09.2026 15:10:13] INFO [django.utils.autoreload:265] /app/services/migrations/0002_auto_20260913_1509.py changed, reloading.
[13.09.2026 15:10:14] INFO [django.utils.autoreload:681] Watching for file changes with StatReloader
[13.09.2026 15:10:23] INFO [django.utils.autoreload:265] /app/services/migrations/0002_auto_20260913_1509.py changed, reloading.
[13.09.2026 15:10:24] INFO [django.utils.autoreload:681] Watching for file changes with StatReloader
[13.09.2026 15:11:22] INFO [django.server:249] "GET / HTTP/1.0" 200 15669
[13.09.2026 15:11:27] INFO [django.server:249] "GET /login/ HTTP/1.0" 200 4934
[13.09.2026 15:11:43] INFO [django.server:249] "POST /login/ HTTP/1.0" 302 0
[13.09.2026 15:11:43] INFO [django.server:249] "GET /profile/ HTTP/1.0" 200 4897
[13.09.2026 15:11:47] INFO [django.server:249] "GET / HTTP/1.0" 200 15669
[13.09.2026 15:26:18] INFO [django.server:249] "GET / HTTP/1.0" 200 15669
[13.09.2026 15:26:22] INFO [django.server:249] "GET / HTTP/1.0" 200 15669
[13.09.2026 15:26:22] INFO [django.server:249] "GET / HTTP/1.0" 200 15669
[13.09.2026 15:26:22] INFO [django.server:249] "GET / HTTP/1.0" 200 18156
[13.09.2026 15:26:23] INFO [django.server:249] "GET / HTTP/1.0" 200 18156
[13.09.2026 15:27:07] INFO [django.server:249] "GET /admin HTTP/1.0" 301 0
[13.09.2026 15:27:07] INFO [django.server:249] "GET /admin/ HTTP/1.0" 200 16290
[13.09.2026 15:27:07] WARNING [django.request:249] Not Found: /favicon.ico
[13.09.2026 15:27:07] WARNING [django.server:249] "GET /favicon.ico HTTP/1.0" 404 5513
[13.09.2026 15:27:18] INFO [django.server:249] "GET /admin/masters/master/ HTTP/1.0" 200 20347
[13.09.2026 15:27:18] INFO [django.server:249] "GET /admin/jsi18n/ HTTP/1.0" 200 16379
[13.09.2026 15:27:22] INFO [django.server:249] "GET /admin/masters/master/1/change/ HTTP/1.0" 200 29041
[13.09.2026 15:27:22] INFO [django.server:249] "GET /admin/jsi18n/ HTTP/1.0" 200 16379
[13.09.2026 15:27:40] INFO [django.server:249] "GET /admin/masters/master/1/change/ HTTP/1.0" 200 29041
[13.09.2026 15:27:48] INFO [django.server:249] "GET /admin/masters/master/1/change/ HTTP/1.0" 200 29041
[13.09.2026 15:27:56] INFO [django.server:249] "GET /admin/masters/master/1/change/ HTTP/1.0" 200 29041
[13.09.2026 15:30:16] INFO [django.server:249] "POST /admin/masters/master/1/change/ HTTP/1.0" 302 0
[13.09.2026 15:30:16] INFO [django.server:249] "GET /admin/masters/master/ HTTP/1.0" 200 20585
[13.09.2026 15:30:16] INFO [django.server:249] "GET /admin/jsi18n/ HTTP/1.0" 200 16379
[13.09.2026 15:30:31] INFO [django.server:249] "GET / HTTP/1.0" 200 18500
[13.09.2026 15:30:41] INFO [django.server:249] "GET /masters/ HTTP/1.0" 200 6229
[13.09.2026 15:30:43] INFO [django.server:249] "GET /masters/1/ HTTP/1.0" 200 6508
[13.09.2026 15:30:53] INFO [django.server:249] "GET /appointment/?master=1 HTTP/1.0" 200 18025
[13.09.2026 15:32:42] INFO [django.server:249] "POST /appointment/?master=1 HTTP/1.0" 200 18159
[13.09.2026 15:32:52] INFO [django.server:249] "GET /services/ HTTP/1.0" 200 10393
[13.09.2026 15:32:53] INFO [django.server:249] "GET /profile/ HTTP/1.0" 200 4897
[13.09.2026 15:32:58] INFO [django.server:249] "GET /appointment/ HTTP/1.0" 200 18425
[13.09.2026 15:38:07] INFO [django.server:249] "GET /admin/ HTTP/1.0" 200 16705
[13.09.2026 15:38:11] INFO [django.server:249] "GET /admin/masters/master/ HTTP/1.0" 200 20347
[13.09.2026 15:38:11] INFO [django.server:249] "GET /admin/jsi18n/ HTTP/1.0" 200 16379
[13.09.2026 15:38:14] INFO [django.server:249] "GET /admin/masters/master/3/change/ HTTP/1.0" 200 28988
[13.09.2026 15:38:14] INFO [django.server:249] "GET /admin/jsi18n/ HTTP/1.0" 200 16379
[13.09.2026 15:38:21] INFO [django.server:249] "POST /admin/masters/master/3/change/ HTTP/1.0" 302 0
[13.09.2026 15:38:21] INFO [django.server:249] "GET /admin/masters/master/add/ HTTP/1.0" 200 28256
[13.09.2026 15:38:21] INFO [django.server:249] "GET /admin/jsi18n/ HTTP/1.0" 200 16379
[13.09.2026 15:38:26] INFO [django.server:249] "GET /admin/masters/master/ HTTP/1.0" 200 20347
[13.09.2026 15:38:26] INFO [django.server:249] "GET /admin/jsi18n/ HTTP/1.0" 200 16379
[13.09.2026 15:38:27] INFO [django.server:249] "GET /admin/masters/master/2/change/ HTTP/1.0" 200 28938
[13.09.2026 15:38:27] INFO [django.server:249] "GET /admin/jsi18n/ HTTP/1.0" 200 16379
[13.09.2026 15:38:47] INFO [django.server:249] "POST /admin/masters/master/2/change/ HTTP/1.0" 302 0
[13.09.2026 15:38:47] INFO [django.server:249] "GET /admin/masters/master/ HTTP/1.0" 200 20575
[13.09.2026 15:38:47] INFO [django.server:249] "GET /admin/jsi18n/ HTTP/1.0" 200 16379
[13.09.2026 15:38:58] INFO [django.server:249] "GET / HTTP/1.0" 200 19124
[13.09.2026 15:39:08] INFO [django.server:249] "GET /appointment/?master_id=2 HTTP/1.0" 200 18057
[13.09.2026 15:39:42] INFO [django.server:249] "GET /appointment/?service_id=6 HTTP/1.0" 200 18057
[13.09.2026 15:51:36] INFO [django.server:249] "GET / HTTP/1.0" 200 19124
[13.09.2026 15:51:38] INFO [django.server:249] "GET / HTTP/1.0" 200 19124
[13.09.2026 15:51:38] INFO [django.server:249] "GET / HTTP/1.0" 200 19124
[13.09.2026 15:51:39] INFO [django.server:249] "GET / HTTP/1.0" 200 19124
[13.09.2026 15:51:39] INFO [django.server:249] "GET / HTTP/1.0" 200 19124
[13.09.2026 15:51:40] INFO [django.server:249] "GET / HTTP/1.0" 200 19124
[13.09.2026 15:51:40] INFO [django.server:249] "GET / HTTP/1.0" 200 19124
[13.09.2026 15:51:40] INFO [django.server:249] "GET / HTTP/1.0" 200 19124
[13.09.2026 15:51:41] INFO [django.server:249] "GET / HTTP/1.0" 200 19124
[13.09.2026 15:51:41] INFO [django.server:249] "GET / HTTP/1.0" 200 19124
[13.09.2026 15:51:42] INFO [django.server:249] "GET / HTTP/1.0" 200 19124
[13.09.2026 15:51:42] INFO [django.server:249] "GET / HTTP/1.0" 200 19124
[13.09.2026 15:54:46] INFO [django.server:249] "GET / HTTP/1.0" 200 19123
[13.09.2026 15:55:04] INFO [django.server:249] "GET /appointment/?master_id=2 HTTP/1.0" 200 18057
[13.09.2026 15:55:17] INFO [django.server:249] "GET /services/ HTTP/1.0" 200 10393
[13.09.2026 15:55:19] INFO [django.server:249] "GET /appointment/?service=2 HTTP/1.0" 200 18025
[13.09.2026 15:55:39] INFO [django.server:249] "GET /appointment/?master_id=3 HTTP/1.0" 200 18085
[13.09.2026 15:55:45] INFO [django.server:249] "GET /appointment/?master_id=3 HTTP/1.0" 200 18085
[13.09.2026 16:04:52] INFO [django.server:249] "GET /appointment/?master_id=3 HTTP/1.0" 200 20397
[13.09.2026 16:04:54] INFO [django.server:249] "GET /appointment/?master_id=3 HTTP/1.0" 200 20397
[13.09.2026 16:05:01] INFO [django.server:249] "GET /appointment/?service_id=2 HTTP/1.0" 200 20102
[13.09.2026 16:06:37] INFO [django.server:249] "GET /appointment/?service=4 HTTP/1.0" 200 20134
[13.09.2026 16:09:54] INFO [django.server:249] "GET /appointment/?service=4 HTTP/1.0" 200 7430
[13.09.2026 16:09:55] INFO [django.server:249] "GET /appointment/?service=4 HTTP/1.0" 200 7430
[13.09.2026 16:09:55] INFO [django.server:249] "GET /appointment/?service=4 HTTP/1.0" 200 7430
[13.09.2026 16:09:55] INFO [django.server:249] "GET /appointment/?service=4 HTTP/1.0" 200 7430
[13.09.2026 16:10:03] INFO [django.server:249] "GET / HTTP/1.0" 200 19123
[13.09.2026 16:10:06] INFO [django.server:249] "GET /appointment/?service_id=2 HTTP/1.0" 200 7398
[13.09.2026 16:10:22] INFO [django.server:249] "GET /appointment/?master_id=2 HTTP/1.0" 200 7430
[13.09.2026 16:11:48] INFO [django.server:249] "GET /appointment/?master_id=2 HTTP/1.0" 200 7430
[13.09.2026 16:11:49] INFO [django.server:249] "GET /appointment/?master_id=2 HTTP/1.0" 200 7430
[13.09.2026 16:11:49] INFO [django.server:249] "GET /appointment/?master_id=2 HTTP/1.0" 200 7430
[13.09.2026 16:11:49] INFO [django.server:249] "GET /appointment/?master_id=2 HTTP/1.0" 200 7430
[13.09.2026 16:17:44] INFO [django.utils.autoreload:265] /app/appoinments/forms.py changed, reloading.
[13.09.2026 16:17:45] INFO [django.utils.autoreload:681] Watching for file changes with StatReloader
[13.09.2026 16:17:59] INFO [django.server:249] "GET /appointment/ HTTP/1.0" 200 7809
[13.09.2026 16:18:32] ERROR [django.request:249] Internal Server Error: /appointment/
Traceback (most recent call last):
  File "/usr/local/lib/python3.12/site-packages/django/core/handlers/exception.py", line 55, in inner
    response = get_response(request)
               ^^^^^^^^^^^^^^^^^^^^^
  File "/usr/local/lib/python3.12/site-packages/django/core/handlers/base.py", line 198, in _get_response
    response = wrapped_callback(request, *callback_args, **callback_kwargs)
               ^^^^^^^^^^^^^^^^^^^^^^^^^^^^^^^^^^^^^^^^^^^^^^^^^^^^^^^^^^^^
  File "/app/appoinments/views.py", line 80, in appointment_create
    site_url = request.build_absolute_url(reverse('index'))
               ^^^^^^^^^^^^^^^^^^^^^^^^^^
AttributeError: 'WSGIRequest' object has no attribute 'build_absolute_url'. Did you mean: 'build_absolute_uri'?
[13.09.2026 16:18:32] ERROR [django.server:249] "POST /appointment/ HTTP/1.0" 500 66472
[13.09.2026 16:21:19] INFO [django.utils.autoreload:265] /app/appoinments/views.py changed, reloading.
[13.09.2026 16:21:21] INFO [django.utils.autoreload:681] Watching for file changes with StatReloader
[13.09.2026 16:21:45] INFO [django.server:249] "GET /appointment/ HTTP/1.0" 200 7809
[13.09.2026 16:22:05] INFO [django.server:249] "POST /appointment/ HTTP/1.0" 302 0
[13.09.2026 16:22:05] INFO [django.server:249] "GET / HTTP/1.0" 200 19123
[13.09.2026 16:22:08] INFO [django.server:249] "GET /profile/ HTTP/1.0" 200 9101
[13.09.2026 16:24:02] INFO [django.server:249] "GET /appointment/?master_id=3 HTTP/1.0" 200 7469
[13.09.2026 16:26:41] INFO [django.utils.autoreload:265] /app/appoinments/forms.py changed, reloading.
[13.09.2026 16:26:42] INFO [django.utils.autoreload:681] Watching for file changes with StatReloader
[13.09.2026 16:26:48] INFO [django.utils.autoreload:265] /app/appoinments/forms.py changed, reloading.
[13.09.2026 16:26:48] INFO [django.utils.autoreload:681] Watching for file changes with StatReloader
[13.09.2026 16:26:55] INFO [django.utils.autoreload:265] /app/appoinments/forms.py changed, reloading.
[13.09.2026 16:26:56] INFO [django.utils.autoreload:681] Watching for file changes with StatReloader
[13.09.2026 16:28:31] INFO [django.server:249] "GET / HTTP/1.0" 200 19123
[13.09.2026 16:28:36] INFO [django.server:249] "GET /appointment/?master_id=2 HTTP/1.0" 200 10273
[13.09.2026 16:28:44] WARNING [django.request:249] Not Found: /appointment/available_slots/
[13.09.2026 16:28:44] WARNING [django.server:249] "GET /appointment/available_slots/?master=2&service=4&date=2026-09-14 HTTP/1.0" 404 6294
[13.09.2026 16:28:53] WARNING [django.request:249] Not Found: /appointment/available_slots/
[13.09.2026 16:28:53] WARNING [django.server:249] "GET /appointment/available_slots/?master=2&service=4&date=2026-09-13 HTTP/1.0" 404 6294
[13.09.2026 16:28:57] WARNING [django.request:249] Not Found: /appointment/available_slots/
[13.09.2026 16:28:57] WARNING [django.server:249] "GET /appointment/available_slots/?master=2&service=5&date=2026-09-13 HTTP/1.0" 404 6294
[13.09.2026 16:29:02] WARNING [django.request:249] Not Found: /appointment/available_slots/
[13.09.2026 16:29:02] WARNING [django.server:249] "GET /appointment/available_slots/?master=2&service=5&date=2026-09-22 HTTP/1.0" 404 6294
[13.09.2026 16:29:11] INFO [django.server:249] "GET /appointment/ HTTP/1.0" 200 10641
[13.09.2026 16:29:22] WARNING [django.request:249] Not Found: /appointment/available_slots/
[13.09.2026 16:29:22] WARNING [django.server:249] "GET /appointment/available_slots/?master=3&service=2&date=2026-09-14 HTTP/1.0" 404 6294
[13.09.2026 16:31:55] INFO [django.server:249] "GET /appointment/ HTTP/1.0" 200 10651
[13.09.2026 16:32:05] INFO [django.server:249] "GET /appointment/available-slots/?master=1&service=9&date=2026-09-18 HTTP/1.0" 200 162
[13.09.2026 16:32:25] INFO [django.server:249] "POST /appointment/ HTTP/1.0" 200 10602
[13.09.2026 16:32:31] INFO [django.server:249] "GET /appointment/available-slots/?master=1&service=2&date=2026-09-18 HTTP/1.0" 200 162
[13.09.2026 16:32:41] INFO [django.server:249] "GET /appointment/?service_id=6 HTTP/1.0" 200 10283
[13.09.2026 16:32:48] INFO [django.server:249] "GET /appointment/available-slots/?master=2&service=6&date=2026-09-16 HTTP/1.0" 200 324
[13.09.2026 16:33:13] INFO [django.server:249] "POST /appointment/?service_id=6 HTTP/1.0" 302 0
[13.09.2026 16:33:13] INFO [django.server:249] "GET / HTTP/1.0" 200 19123
[13.09.2026 16:33:15] INFO [django.server:249] "GET /profile/ HTTP/1.0" 200 10690
[13.09.2026 20:28:06] INFO [django.server:249] "GET / HTTP/1.0" 200 19123
[13.09.2026 20:28:45] INFO [django.server:249] "GET /admin HTTP/1.0" 301 0
[13.09.2026 20:28:45] INFO [django.server:249] "GET /admin/ HTTP/1.0" 200 17469
[13.09.2026 20:28:47] INFO [django.server:249] "GET /api HTTP/1.0" 301 0
[13.09.2026 20:28:47] INFO [django.server:249] "GET /api/ HTTP/1.0" 200 10171
[13.09.2026 20:28:58] INFO [django.server:249] "GET /api/ HTTP/1.0" 200 10171
[13.09.2026 20:28:59] INFO [django.server:249] "OPTIONS /api/ HTTP/1.0" 200 10303
[13.09.2026 20:29:10] WARNING [django.request:249] Not Found: /api/master
[13.09.2026 20:29:10] WARNING [django.server:249] "GET /api/master HTTP/1.0" 404 8299
[13.09.2026 20:29:19] INFO [django.server:249] "GET /api/masters HTTP/1.0" 301 0
[13.09.2026 20:29:19] INFO [django.server:249] "GET /api/masters/ HTTP/1.0" 200 14231
[13.09.2026 20:29:34] INFO [django.server:249] "GET /api/ HTTP/1.0" 200 10171
[13.09.2026 20:30:01] INFO [django.server:249] "GET /api/masters/ HTTP/1.0" 200 14231
[13.09.2026 20:35:31] INFO [django.utils.autoreload:265] /app/appoinments/serializers.py changed, reloading.
[13.09.2026 20:35:33] INFO [django.utils.autoreload:681] Watching for file changes with StatReloader
[13.09.2026 20:39:54] INFO [django.utils.autoreload:681] Watching for file changes with StatReloader
[13.09.2026 20:40:10] INFO [django.server:249] "GET /api/ HTTP/1.0" 200 10171
[13.09.2026 20:40:14] INFO [django.server:249] "GET /api/services/ HTTP/1.0" 200 11987
[13.09.2026 20:40:20] ERROR [django.request:249] Internal Server Error: /api/appointments/
Traceback (most recent call last):
  File "/usr/local/lib/python3.12/site-packages/rest_framework/relations.py", line 396, in to_representation
    url = self.get_url(value, self.view_name, request, format)
          ^^^^^^^^^^^^^^^^^^^^^^^^^^^^^^^^^^^^^^^^^^^^^^^^^^^^
  File "/usr/local/lib/python3.12/site-packages/rest_framework/relations.py", line 334, in get_url
    return self.reverse(view_name, kwargs=kwargs, request=request, format=format)
           ^^^^^^^^^^^^^^^^^^^^^^^^^^^^^^^^^^^^^^^^^^^^^^^^^^^^^^^^^^^^^^^^^^^^^^
  File "/usr/local/lib/python3.12/site-packages/rest_framework/reverse.py", line 47, in reverse
    url = _reverse(viewname, args, kwargs, request, format, **extra)
          ^^^^^^^^^^^^^^^^^^^^^^^^^^^^^^^^^^^^^^^^^^^^^^^^^^^^^^^^^^
  File "/usr/local/lib/python3.12/site-packages/rest_framework/reverse.py", line 60, in _reverse
    url = django_reverse(viewname, args=args, kwargs=kwargs, **extra)
          ^^^^^^^^^^^^^^^^^^^^^^^^^^^^^^^^^^^^^^^^^^^^^^^^^^^^^^^^^^^
  File "/usr/local/lib/python3.12/site-packages/django/urls/base.py", line 98, in reverse
    resolved_url = resolver._reverse_with_prefix(view, prefix, *args, **kwargs)
                   ^^^^^^^^^^^^^^^^^^^^^^^^^^^^^^^^^^^^^^^^^^^^^^^^^^^^^^^^^^^^
  File "/usr/local/lib/python3.12/site-packages/django/urls/resolvers.py", line 842, in _reverse_with_prefix
    raise NoReverseMatch(msg)
django.urls.exceptions.NoReverseMatch: Reverse for 'application-detail' not found. 'application-detail' is not a valid view function or pattern name.

During handling of the above exception, another exception occurred:

Traceback (most recent call last):
  File "/usr/local/lib/python3.12/site-packages/django/core/handlers/exception.py", line 55, in inner
    response = get_response(request)
               ^^^^^^^^^^^^^^^^^^^^^
  File "/usr/local/lib/python3.12/site-packages/django/core/handlers/base.py", line 198, in _get_response
    response = wrapped_callback(request, *callback_args, **callback_kwargs)
               ^^^^^^^^^^^^^^^^^^^^^^^^^^^^^^^^^^^^^^^^^^^^^^^^^^^^^^^^^^^^
  File "/usr/local/lib/python3.12/site-packages/django/views/decorators/csrf.py", line 65, in _view_wrapper
    return view_func(request, *args, **kwargs)
           ^^^^^^^^^^^^^^^^^^^^^^^^^^^^^^^^^^^
  File "/usr/local/lib/python3.12/site-packages/rest_framework/viewsets.py", line 124, in view
    return self.dispatch(request, *args, **kwargs)
           ^^^^^^^^^^^^^^^^^^^^^^^^^^^^^^^^^^^^^^^
  File "/usr/local/lib/python3.12/site-packages/rest_framework/views.py", line 526, in dispatch
    response = self.handle_exception(exc)
               ^^^^^^^^^^^^^^^^^^^^^^^^^^
  File "/usr/local/lib/python3.12/site-packages/rest_framework/views.py", line 474, in handle_exception
    self.raise_uncaught_exception(exc)
  File "/usr/local/lib/python3.12/site-packages/rest_framework/views.py", line 485, in raise_uncaught_exception
    raise exc
  File "/usr/local/lib/python3.12/site-packages/rest_framework/views.py", line 523, in dispatch
    response = handler(request, *args, **kwargs)
               ^^^^^^^^^^^^^^^^^^^^^^^^^^^^^^^^^
  File "/usr/local/lib/python3.12/site-packages/rest_framework/mixins.py", line 46, in list
    return Response(serializer.data)
                    ^^^^^^^^^^^^^^^
  File "/usr/local/lib/python3.12/site-packages/rest_framework/serializers.py", line 818, in data
    ret = super().data
          ^^^^^^^^^^^^
  File "/usr/local/lib/python3.12/site-packages/rest_framework/serializers.py", line 251, in data
    self._data = self.to_representation(self.instance)
                 ^^^^^^^^^^^^^^^^^^^^^^^^^^^^^^^^^^^^^
  File "/usr/local/lib/python3.12/site-packages/rest_framework/serializers.py", line 737, in to_representation
    self.child.to_representation(item) for item in iterable
    ^^^^^^^^^^^^^^^^^^^^^^^^^^^^^^^^^^
  File "/usr/local/lib/python3.12/site-packages/rest_framework/serializers.py", line 552, in to_representation
    ret[field.field_name] = field.to_representation(attribute)
                            ^^^^^^^^^^^^^^^^^^^^^^^^^^^^^^^^^^
  File "/usr/local/lib/python3.12/site-packages/rest_framework/relations.py", line 411, in to_representation
    raise ImproperlyConfigured(msg % self.view_name)
django.core.exceptions.ImproperlyConfigured: Could not resolve URL for hyperlinked relationship using view name "application-detail". You may have failed to include the related model in your API, or incorrectly configured the `lookup_field` attribute on this field.
[13.09.2026 20:40:20] ERROR [django.server:249] "GET /api/appointments/ HTTP/1.0" 500 152831
[13.09.2026 20:41:07] INFO [django.server:249] "GET /api/ HTTP/1.0" 200 10171
[13.09.2026 20:41:10] INFO [django.server:249] "GET /api/services/ HTTP/1.0" 200 11987
[13.09.2026 20:41:31] INFO [django.server:249] "GET /api/ HTTP/1.0" 200 10171
[13.09.2026 20:43:58] INFO [django.utils.autoreload:265] /app/appoinments/serializers.py changed, reloading.
[13.09.2026 20:43:59] INFO [django.utils.autoreload:681] Watching for file changes with StatReloader
[13.09.2026 20:44:08] INFO [django.server:249] "GET /api/ HTTP/1.0" 200 10171
[13.09.2026 20:44:10] ERROR [django.request:249] Internal Server Error: /api/appointments/
Traceback (most recent call last):
  File "/usr/local/lib/python3.12/site-packages/rest_framework/relations.py", line 396, in to_representation
    url = self.get_url(value, self.view_name, request, format)
          ^^^^^^^^^^^^^^^^^^^^^^^^^^^^^^^^^^^^^^^^^^^^^^^^^^^^
  File "/usr/local/lib/python3.12/site-packages/rest_framework/relations.py", line 334, in get_url
    return self.reverse(view_name, kwargs=kwargs, request=request, format=format)
           ^^^^^^^^^^^^^^^^^^^^^^^^^^^^^^^^^^^^^^^^^^^^^^^^^^^^^^^^^^^^^^^^^^^^^^
  File "/usr/local/lib/python3.12/site-packages/rest_framework/reverse.py", line 47, in reverse
    url = _reverse(viewname, args, kwargs, request, format, **extra)
          ^^^^^^^^^^^^^^^^^^^^^^^^^^^^^^^^^^^^^^^^^^^^^^^^^^^^^^^^^^
  File "/usr/local/lib/python3.12/site-packages/rest_framework/reverse.py", line 60, in _reverse
    url = django_reverse(viewname, args=args, kwargs=kwargs, **extra)
          ^^^^^^^^^^^^^^^^^^^^^^^^^^^^^^^^^^^^^^^^^^^^^^^^^^^^^^^^^^^
  File "/usr/local/lib/python3.12/site-packages/django/urls/base.py", line 98, in reverse
    resolved_url = resolver._reverse_with_prefix(view, prefix, *args, **kwargs)
                   ^^^^^^^^^^^^^^^^^^^^^^^^^^^^^^^^^^^^^^^^^^^^^^^^^^^^^^^^^^^^
  File "/usr/local/lib/python3.12/site-packages/django/urls/resolvers.py", line 842, in _reverse_with_prefix
    raise NoReverseMatch(msg)
django.urls.exceptions.NoReverseMatch: Reverse for 'api-master-list' with keyword arguments '{'pk': 1}' not found. 1 pattern(s) tried: ['api/masters/\\Z']

During handling of the above exception, another exception occurred:

Traceback (most recent call last):
  File "/usr/local/lib/python3.12/site-packages/django/core/handlers/exception.py", line 55, in inner
    response = get_response(request)
               ^^^^^^^^^^^^^^^^^^^^^
  File "/usr/local/lib/python3.12/site-packages/django/core/handlers/base.py", line 198, in _get_response
    response = wrapped_callback(request, *callback_args, **callback_kwargs)
               ^^^^^^^^^^^^^^^^^^^^^^^^^^^^^^^^^^^^^^^^^^^^^^^^^^^^^^^^^^^^
  File "/usr/local/lib/python3.12/site-packages/django/views/decorators/csrf.py", line 65, in _view_wrapper
    return view_func(request, *args, **kwargs)
           ^^^^^^^^^^^^^^^^^^^^^^^^^^^^^^^^^^^
  File "/usr/local/lib/python3.12/site-packages/rest_framework/viewsets.py", line 124, in view
    return self.dispatch(request, *args, **kwargs)
           ^^^^^^^^^^^^^^^^^^^^^^^^^^^^^^^^^^^^^^^
  File "/usr/local/lib/python3.12/site-packages/rest_framework/views.py", line 526, in dispatch
    response = self.handle_exception(exc)
               ^^^^^^^^^^^^^^^^^^^^^^^^^^
  File "/usr/local/lib/python3.12/site-packages/rest_framework/views.py", line 474, in handle_exception
    self.raise_uncaught_exception(exc)
  File "/usr/local/lib/python3.12/site-packages/rest_framework/views.py", line 485, in raise_uncaught_exception
    raise exc
  File "/usr/local/lib/python3.12/site-packages/rest_framework/views.py", line 523, in dispatch
    response = handler(request, *args, **kwargs)
               ^^^^^^^^^^^^^^^^^^^^^^^^^^^^^^^^^
  File "/usr/local/lib/python3.12/site-packages/rest_framework/mixins.py", line 46, in list
    return Response(serializer.data)
                    ^^^^^^^^^^^^^^^
  File "/usr/local/lib/python3.12/site-packages/rest_framework/serializers.py", line 818, in data
    ret = super().data
          ^^^^^^^^^^^^
  File "/usr/local/lib/python3.12/site-packages/rest_framework/serializers.py", line 251, in data
    self._data = self.to_representation(self.instance)
                 ^^^^^^^^^^^^^^^^^^^^^^^^^^^^^^^^^^^^^
  File "/usr/local/lib/python3.12/site-packages/rest_framework/serializers.py", line 737, in to_representation
    self.child.to_representation(item) for item in iterable
    ^^^^^^^^^^^^^^^^^^^^^^^^^^^^^^^^^^
  File "/usr/local/lib/python3.12/site-packages/rest_framework/serializers.py", line 552, in to_representation
    ret[field.field_name] = field.to_representation(attribute)
                            ^^^^^^^^^^^^^^^^^^^^^^^^^^^^^^^^^^
  File "/usr/local/lib/python3.12/site-packages/rest_framework/relations.py", line 411, in to_representation
    raise ImproperlyConfigured(msg % self.view_name)
django.core.exceptions.ImproperlyConfigured: Could not resolve URL for hyperlinked relationship using view name "api-master-list". You may have failed to include the related model in your API, or incorrectly configured the `lookup_field` attribute on this field.
[13.09.2026 20:44:10] ERROR [django.server:249] "GET /api/appointments/ HTTP/1.0" 500 154226
[13.09.2026 20:44:26] ERROR [django.request:249] Internal Server Error: /api/appointments/
Traceback (most recent call last):
  File "/usr/local/lib/python3.12/site-packages/rest_framework/relations.py", line 396, in to_representation
    url = self.get_url(value, self.view_name, request, format)
          ^^^^^^^^^^^^^^^^^^^^^^^^^^^^^^^^^^^^^^^^^^^^^^^^^^^^
  File "/usr/local/lib/python3.12/site-packages/rest_framework/relations.py", line 334, in get_url
    return self.reverse(view_name, kwargs=kwargs, request=request, format=format)
           ^^^^^^^^^^^^^^^^^^^^^^^^^^^^^^^^^^^^^^^^^^^^^^^^^^^^^^^^^^^^^^^^^^^^^^
  File "/usr/local/lib/python3.12/site-packages/rest_framework/reverse.py", line 47, in reverse
    url = _reverse(viewname, args, kwargs, request, format, **extra)
          ^^^^^^^^^^^^^^^^^^^^^^^^^^^^^^^^^^^^^^^^^^^^^^^^^^^^^^^^^^
  File "/usr/local/lib/python3.12/site-packages/rest_framework/reverse.py", line 60, in _reverse
    url = django_reverse(viewname, args=args, kwargs=kwargs, **extra)
          ^^^^^^^^^^^^^^^^^^^^^^^^^^^^^^^^^^^^^^^^^^^^^^^^^^^^^^^^^^^
  File "/usr/local/lib/python3.12/site-packages/django/urls/base.py", line 98, in reverse
    resolved_url = resolver._reverse_with_prefix(view, prefix, *args, **kwargs)
                   ^^^^^^^^^^^^^^^^^^^^^^^^^^^^^^^^^^^^^^^^^^^^^^^^^^^^^^^^^^^^
  File "/usr/local/lib/python3.12/site-packages/django/urls/resolvers.py", line 842, in _reverse_with_prefix
    raise NoReverseMatch(msg)
django.urls.exceptions.NoReverseMatch: Reverse for 'api-master-list' with keyword arguments '{'pk': 1}' not found. 1 pattern(s) tried: ['api/masters/\\Z']

During handling of the above exception, another exception occurred:

Traceback (most recent call last):
  File "/usr/local/lib/python3.12/site-packages/django/core/handlers/exception.py", line 55, in inner
    response = get_response(request)
               ^^^^^^^^^^^^^^^^^^^^^
  File "/usr/local/lib/python3.12/site-packages/django/core/handlers/base.py", line 198, in _get_response
    response = wrapped_callback(request, *callback_args, **callback_kwargs)
               ^^^^^^^^^^^^^^^^^^^^^^^^^^^^^^^^^^^^^^^^^^^^^^^^^^^^^^^^^^^^
  File "/usr/local/lib/python3.12/site-packages/django/views/decorators/csrf.py", line 65, in _view_wrapper
    return view_func(request, *args, **kwargs)
           ^^^^^^^^^^^^^^^^^^^^^^^^^^^^^^^^^^^
  File "/usr/local/lib/python3.12/site-packages/rest_framework/viewsets.py", line 124, in view
    return self.dispatch(request, *args, **kwargs)
           ^^^^^^^^^^^^^^^^^^^^^^^^^^^^^^^^^^^^^^^
  File "/usr/local/lib/python3.12/site-packages/rest_framework/views.py", line 526, in dispatch
    response = self.handle_exception(exc)
               ^^^^^^^^^^^^^^^^^^^^^^^^^^
  File "/usr/local/lib/python3.12/site-packages/rest_framework/views.py", line 474, in handle_exception
    self.raise_uncaught_exception(exc)
  File "/usr/local/lib/python3.12/site-packages/rest_framework/views.py", line 485, in raise_uncaught_exception
    raise exc
  File "/usr/local/lib/python3.12/site-packages/rest_framework/views.py", line 523, in dispatch
    response = handler(request, *args, **kwargs)
               ^^^^^^^^^^^^^^^^^^^^^^^^^^^^^^^^^
  File "/usr/local/lib/python3.12/site-packages/rest_framework/mixins.py", line 46, in list
    return Response(serializer.data)
                    ^^^^^^^^^^^^^^^
  File "/usr/local/lib/python3.12/site-packages/rest_framework/serializers.py", line 818, in data
    ret = super().data
          ^^^^^^^^^^^^
  File "/usr/local/lib/python3.12/site-packages/rest_framework/serializers.py", line 251, in data
    self._data = self.to_representation(self.instance)
                 ^^^^^^^^^^^^^^^^^^^^^^^^^^^^^^^^^^^^^
  File "/usr/local/lib/python3.12/site-packages/rest_framework/serializers.py", line 737, in to_representation
    self.child.to_representation(item) for item in iterable
    ^^^^^^^^^^^^^^^^^^^^^^^^^^^^^^^^^^
  File "/usr/local/lib/python3.12/site-packages/rest_framework/serializers.py", line 552, in to_representation
    ret[field.field_name] = field.to_representation(attribute)
                            ^^^^^^^^^^^^^^^^^^^^^^^^^^^^^^^^^^
  File "/usr/local/lib/python3.12/site-packages/rest_framework/relations.py", line 411, in to_representation
    raise ImproperlyConfigured(msg % self.view_name)
django.core.exceptions.ImproperlyConfigured: Could not resolve URL for hyperlinked relationship using view name "api-master-list". You may have failed to include the related model in your API, or incorrectly configured the `lookup_field` attribute on this field.
[13.09.2026 20:44:26] ERROR [django.server:249] "GET /api/appointments/ HTTP/1.0" 500 154226
[13.09.2026 20:51:31] INFO [django.utils.autoreload:265] /app/masters/serializers.py changed, reloading.
[13.09.2026 20:51:32] INFO [django.utils.autoreload:681] Watching for file changes with StatReloader
[13.09.2026 20:51:34] INFO [django.utils.autoreload:265] /app/masters/serializers.py changed, reloading.
[13.09.2026 20:51:35] INFO [django.utils.autoreload:681] Watching for file changes with StatReloader
[13.09.2026 20:51:39] INFO [django.utils.autoreload:265] /app/masters/serializers.py changed, reloading.
[13.09.2026 20:51:40] INFO [django.utils.autoreload:681] Watching for file changes with StatReloader
[13.09.2026 20:51:48] INFO [django.utils.autoreload:681] Watching for file changes with StatReloader
[13.09.2026 20:51:51] INFO [django.server:249] "GET /api/ HTTP/1.0" 200 10171
[13.09.2026 20:51:52] INFO [django.server:249] "GET /api/ HTTP/1.0" 200 10171
[13.09.2026 20:52:04] ERROR [django.request:249] Internal Server Error: /api/appointments/
Traceback (most recent call last):
  File "/usr/local/lib/python3.12/site-packages/rest_framework/relations.py", line 396, in to_representation
    url = self.get_url(value, self.view_name, request, format)
          ^^^^^^^^^^^^^^^^^^^^^^^^^^^^^^^^^^^^^^^^^^^^^^^^^^^^
  File "/usr/local/lib/python3.12/site-packages/rest_framework/relations.py", line 334, in get_url
    return self.reverse(view_name, kwargs=kwargs, request=request, format=format)
           ^^^^^^^^^^^^^^^^^^^^^^^^^^^^^^^^^^^^^^^^^^^^^^^^^^^^^^^^^^^^^^^^^^^^^^
  File "/usr/local/lib/python3.12/site-packages/rest_framework/reverse.py", line 47, in reverse
    url = _reverse(viewname, args, kwargs, request, format, **extra)
          ^^^^^^^^^^^^^^^^^^^^^^^^^^^^^^^^^^^^^^^^^^^^^^^^^^^^^^^^^^
  File "/usr/local/lib/python3.12/site-packages/rest_framework/reverse.py", line 60, in _reverse
    url = django_reverse(viewname, args=args, kwargs=kwargs, **extra)
          ^^^^^^^^^^^^^^^^^^^^^^^^^^^^^^^^^^^^^^^^^^^^^^^^^^^^^^^^^^^
  File "/usr/local/lib/python3.12/site-packages/django/urls/base.py", line 98, in reverse
    resolved_url = resolver._reverse_with_prefix(view, prefix, *args, **kwargs)
                   ^^^^^^^^^^^^^^^^^^^^^^^^^^^^^^^^^^^^^^^^^^^^^^^^^^^^^^^^^^^^
  File "/usr/local/lib/python3.12/site-packages/django/urls/resolvers.py", line 842, in _reverse_with_prefix
    raise NoReverseMatch(msg)
django.urls.exceptions.NoReverseMatch: Reverse for 'api-master-list' with keyword arguments '{'pk': 1}' not found. 1 pattern(s) tried: ['api/masters/\\Z']

During handling of the above exception, another exception occurred:

Traceback (most recent call last):
  File "/usr/local/lib/python3.12/site-packages/django/core/handlers/exception.py", line 55, in inner
    response = get_response(request)
               ^^^^^^^^^^^^^^^^^^^^^
  File "/usr/local/lib/python3.12/site-packages/django/core/handlers/base.py", line 198, in _get_response
    response = wrapped_callback(request, *callback_args, **callback_kwargs)
               ^^^^^^^^^^^^^^^^^^^^^^^^^^^^^^^^^^^^^^^^^^^^^^^^^^^^^^^^^^^^
  File "/usr/local/lib/python3.12/site-packages/django/views/decorators/csrf.py", line 65, in _view_wrapper
    return view_func(request, *args, **kwargs)
           ^^^^^^^^^^^^^^^^^^^^^^^^^^^^^^^^^^^
  File "/usr/local/lib/python3.12/site-packages/rest_framework/viewsets.py", line 124, in view
    return self.dispatch(request, *args, **kwargs)
           ^^^^^^^^^^^^^^^^^^^^^^^^^^^^^^^^^^^^^^^
  File "/usr/local/lib/python3.12/site-packages/rest_framework/views.py", line 526, in dispatch
    response = self.handle_exception(exc)
               ^^^^^^^^^^^^^^^^^^^^^^^^^^
  File "/usr/local/lib/python3.12/site-packages/rest_framework/views.py", line 474, in handle_exception
    self.raise_uncaught_exception(exc)
  File "/usr/local/lib/python3.12/site-packages/rest_framework/views.py", line 485, in raise_uncaught_exception
    raise exc
  File "/usr/local/lib/python3.12/site-packages/rest_framework/views.py", line 523, in dispatch
    response = handler(request, *args, **kwargs)
               ^^^^^^^^^^^^^^^^^^^^^^^^^^^^^^^^^
  File "/usr/local/lib/python3.12/site-packages/rest_framework/mixins.py", line 46, in list
    return Response(serializer.data)
                    ^^^^^^^^^^^^^^^
  File "/usr/local/lib/python3.12/site-packages/rest_framework/serializers.py", line 818, in data
    ret = super().data
          ^^^^^^^^^^^^
  File "/usr/local/lib/python3.12/site-packages/rest_framework/serializers.py", line 251, in data
    self._data = self.to_representation(self.instance)
                 ^^^^^^^^^^^^^^^^^^^^^^^^^^^^^^^^^^^^^
  File "/usr/local/lib/python3.12/site-packages/rest_framework/serializers.py", line 737, in to_representation
    self.child.to_representation(item) for item in iterable
    ^^^^^^^^^^^^^^^^^^^^^^^^^^^^^^^^^^
  File "/usr/local/lib/python3.12/site-packages/rest_framework/serializers.py", line 552, in to_representation
    ret[field.field_name] = field.to_representation(attribute)
                            ^^^^^^^^^^^^^^^^^^^^^^^^^^^^^^^^^^
  File "/usr/local/lib/python3.12/site-packages/rest_framework/relations.py", line 411, in to_representation
    raise ImproperlyConfigured(msg % self.view_name)
django.core.exceptions.ImproperlyConfigured: Could not resolve URL for hyperlinked relationship using view name "api-master-list". You may have failed to include the related model in your API, or incorrectly configured the `lookup_field` attribute on this field.
[13.09.2026 20:52:04] ERROR [django.server:249] "GET /api/appointments/ HTTP/1.0" 500 154226
[13.09.2026 20:54:18] INFO [django.utils.autoreload:265] /app/config/urls.py changed, reloading.
[13.09.2026 20:54:20] INFO [django.utils.autoreload:681] Watching for file changes with StatReloader
[13.09.2026 20:54:35] INFO [django.utils.autoreload:265] /app/config/urls.py changed, reloading.
[13.09.2026 20:54:36] INFO [django.utils.autoreload:681] Watching for file changes with StatReloader
[13.09.2026 20:56:05] INFO [django.utils.autoreload:265] /app/masters/views.py changed, reloading.
[13.09.2026 20:56:06] INFO [django.utils.autoreload:681] Watching for file changes with StatReloader
[13.09.2026 20:56:08] INFO [django.utils.autoreload:265] /app/masters/views.py changed, reloading.
[13.09.2026 20:56:09] INFO [django.utils.autoreload:681] Watching for file changes with StatReloader
[13.09.2026 20:56:15] INFO [django.utils.autoreload:265] /app/masters/views.py changed, reloading.
[13.09.2026 20:56:16] INFO [django.utils.autoreload:681] Watching for file changes with StatReloader
[13.09.2026 20:56:22] INFO [django.utils.autoreload:265] /app/masters/views.py changed, reloading.
[13.09.2026 20:56:23] INFO [django.utils.autoreload:681] Watching for file changes with StatReloader
[13.09.2026 20:56:43] INFO [django.utils.autoreload:265] /app/masters/views.py changed, reloading.
[13.09.2026 20:56:44] INFO [django.utils.autoreload:681] Watching for file changes with StatReloader
[13.09.2026 20:56:58] INFO [django.server:249] "GET /api/ HTTP/1.0" 200 10298
[13.09.2026 20:57:03] INFO [django.server:249] "GET /api/masters/ HTTP/1.0" 200 14272
[13.09.2026 20:57:13] INFO [django.server:249] "GET /api/masters/1 HTTP/1.0" 301 0
[13.09.2026 20:57:13] INFO [django.server:249] "GET /api/masters/1/ HTTP/1.0" 200 11654
